# mean; max; min
3.49;10.87;-2.75
5.10;10.88;-2.36
8.77;11.86;3.80
6.07;14.77;-1.36
2.48;12.06;-3.68
1.69;11.47;-3.81
2.57;9.29;-3.81
6.28;11.08;0.49
11.66;16.24;8.76
9.36;16.23;3.54
6.58;8.70;2.48
7.57;8.16;6.84
8.05;9.96;5.13
8.46;13.40;1.82
4.49;11.14;-2.09
4.88;13.26;-2.55
6.82;11.61;1.95
5.42;8.36;0.82
3.90;11.34;-3.67
1.52;10.61;-4.87
2.24;13.78;-5.07
2.33;12.52;-5.00
5.80;14.84;-2.42
9.36;18.54;2.94
6.49;13.06;-0.83
10.99;12.47;9.16
12.09;15.97;9.29
5.49;11.02;-2.55
1.08;9.34;-6.20
3.58;8.89;-1.89
7.40;10.49;4.92
9.76;13.06;8.03
10.46;16.08;5.86
9.06;18.07;3.01
9.33;20.13;1.02
9.41;20.33;1.62
8.12;18.67;-0.37
7.37;17.54;-0.23
8.20;15.83;3.74
4.97;12.98;-0.30
6.20;17.28;-2.09
4.97;18.14;-4.14
4.97;17.02;-4.74
5.98;17.41;-2.61
5.72;16.16;-2.28
6.28;16.10;-2.55
6.49;11.40;1.62
3.81;12.51;-3.35
4.02;10.61;-2.81
4.35;11.07;-3.02
3.24;5.13;0.62
6.21;10.69;2.28
4.88;9.55;-0.56
5.24;8.69;1.49
4.69;5.79;3.20
7.86;12.20;5.66
5.29;9.76;0.70
2.97;7.32;0.43
4.38;9.23;0.03
4.38;9.23;0.03
2.13;6.77;-2.62
1.38;10.34;-6.40
3.28;12.80;-4.74
6.68;15.17;-2.09
8.62;16.25;1.29
11.48;16.96;6.72
7.38;15.77;-1.42
8.17;17.21;-0.70
9.94;15.83;3.81
12.04;16.96;8.24
10.16;14.57;5.39
10.23;13.40;6.98
8.54;11.93;5.20
9.12;16.35;2.35
12.37;21.38;4.41
11.06;17.28;5.53
11.32;15.50;6.85
10.95;18.93;3.34
12.54;20.51;4.74
12.85;21.50;3.74
12.89;23.36;4.27
9.71;14.17;5.33
7.84;13.12;-0.23
7.77;9.70;5.06
6.24;12.07;0.56
4.90;10.21;1.42
4.30;7.04;2.35
3.94;6.92;1.55
7.39;9.29;5.46
8.45;11.14;6.72
9.10;12.93;6.39
8.53;10.56;6.78
7.81;11.54;4.73
9.00;15.44;3.54
11.07;19.20;3.01
13.40;21.64;5.52
13.66;24.55;3.68
12.62;21.83;3.34
10.99;16.81;6.45
7.47;13.38;0.56
5.41;11.07;-0.89
6.54;13.78;-1.09
8.23;14.79;0.23
8.22;15.57;-0.56
9.48;17.74;0.30
11.06;20.26;1.10
12.65;18.22;8.56
9.64;15.04;6.84
9.68;14.26;6.72
10.55;15.30;6.32
11.78;17.21;6.72
13.12;21.25;3.08
11.94;17.03;5.86
12.22;21.11;2.02
15.08;24.61;5.66
17.14;27.85;6.06
17.42;27.39;6.61
17.10;26.86;7.18
13.37;18.47;7.98
12.32;16.76;8.30
10.83;14.26;8.11
9.69;13.40;7.72
8.91;13.11;4.86
10.53;14.19;7.91
12.96;18.07;4.01
11.48;14.13;9.16
11.32;16.30;5.72
10.51;14.77;5.46
10.74;17.08;3.88
11.22;17.28;4.34
11.57;17.41;9.16
11.48;13.40;9.76
12.52;17.69;10.02
13.08;20.06;5.26
13.73;20.57;5.86
14.79;22.23;6.52
16.19;23.89;7.65
16.91;26.26;7.25
18.07;25.47;9.04
18.16;26.46;7.65
18.01;26.46;7.85
15.67;23.04;8.77
15.65;20.86;12.73
15.39;21.46;10.16
14.51;21.64;11.47
14.34;19.53;12.40
15.54;21.39;12.27
16.77;23.64;10.02
18.25;25.15;10.16
18.61;26.79;12.33
20.19;27.19;12.21
21.16;28.65;13.79
22.46;30.29;13.93
23.56;30.49;15.78
21.13;30.82;9.24
21.21;31.68;9.96
23.49;33.33;12.42
23.98;33.06;14.79
20.54;27.58;16.37
22.48;29.31;15.06
23.36;31.02;14.19
24.08;31.94;15.59
24.47;32.74;15.65
24.02;32.80;16.65
22.09;29.04;14.72
19.36;27.07;12.28
18.64;25.75;11.15
20.63;29.04;11.22
22.54;32.41;11.49
24.22;33.33;13.15
21.60;28.06;14.19
20.21;26.27;13.79
20.29;27.98;10.17
23.66;31.63;14.06
24.45;31.75;16.31
25.01;32.15;16.18
25.46;33.54;16.72
26.83;36.78;17.17
28.11;38.95;15.85
29.34;38.75;19.35
28.39;38.89;17.17
27.29;37.57;15.92
25.81;35.78;14.07
25.72;34.52;14.99
25.37;33.79;17.89
26.22;35.45;16.58
27.57;35.78;16.72
23.36;30.44;18.65
18.98;24.36;12.28
17.53;23.56;10.62
18.27;27.07;8.25
20.57;28.26;10.36
22.40;29.51;15.79
20.89;28.45;11.89
21.35;30.83;12.08
23.68;32.27;14.52
24.83;33.86;14.92
25.00;34.72;17.25
24.75;32.35;17.89
25.01;31.96;16.58
23.29;31.36;13.08
22.78;31.56;12.62
24.83;34.92;14.92
25.81;35.52;15.12
27.59;36.11;18.42
28.52;37.84;18.22
28.18;37.71;17.96
26.00;34.06;14.79
24.72;35.12;14.20
25.07;34.79;14.13
23.72;32.47;13.40
25.59;34.26;16.45
27.83;35.85;18.22
27.73;35.92;18.69
26.85;33.93;18.56
25.10;29.97;20.79
23.01;29.91;15.12
23.04;31.21;14.99
24.50;33.53;14.52
26.40;33.33;19.29
25.82;30.57;18.69
17.77;23.90;0.00
19.25;24.75;14.59
17.60;20.86;0.00
13.38;15.19;0.00
21.23;30.90;0.00
19.54;25.28;0.00
21.59;27.66;0.00
23.05;30.44;0.00
20.33;24.89;0.00
20.33;24.89;0.00
20.33;24.89;0.00
20.33;24.89;0.00
20.33;24.89;0.00
17.57;19.75;0.00
24.96;34.00;0.00
29.91;35.51;0.00
22.85;35.24;13.41
21.41;32.64;10.60
26.12;32.90;0.00
23.42;33.17;14.61
22.91;32.50;13.87
22.84;32.37;14.15
21.56;31.50;12.74
21.07;30.69;10.66
21.57;27.15;16.00
16.75;17.75;0.00
16.75;17.75;0.00
16.75;17.75;0.00
23.76;29.22;0.00
0.45;22.62;0.00
25.89;30.23;0.00
25.10;31.30;18.55
22.54;30.90;15.08
21.81;30.29;12.14
0.29;13.07;0.00
22.77;29.42;0.00
0.38;18.76;0.00
18.52;24.21;0.00
16.90;25.89;10.39
11.89;13.21;0.00
18.90;31.63;0.00
18.90;31.63;0.00
22.65;30.36;0.00
22.65;30.36;0.00
22.39;33.44;0.00
21.10;31.50;11.73
21.72;32.10;10.39
17.83;23.88;9.86
17.23;28.02;5.85
18.48;28.08;10.66
17.53;28.49;8.06
17.15;29.69;6.52
17.39;30.69;6.86
17.75;30.49;7.19
18.02;30.90;7.26
18.33;31.70;9.06
17.81;30.36;8.26
18.14;29.22;10.19
18.00;28.02;9.20
18.30;28.22;10.80
19.82;25.89;11.33
15.00;19.75;8.73
12.93;17.61;8.06
13.77;19.07;9.79
12.58;19.94;4.71
9.94;19.74;0.90
12.61;18.26;5.72
14.22;18.93;9.46
13.98;20.34;6.79
12.63;20.00;6.39
12.24;17.34;6.39
17.17;20.09;12.93
18.13;22.82;15.00
15.16;20.14;10.53
14.62;21.81;9.06
14.98;26.09;6.99
15.01;22.75;7.86
12.33;14.08;8.99
9.74;15.80;3.65
10.43;12.47;8.92
11.32;15.87;7.93
8.66;11.53;6.39
9.03;13.80;5.65
9.45;14.53;5.78
8.58;14.67;3.98
8.00;16.00;1.51
9.62;12.14;5.06
11.47;14.60;9.92
12.77;18.08;9.93
12.16;18.81;6.25
9.70;17.67;3.85
6.92;16.27;0.64
8.82;16.47;1.24
9.02;13.80;2.98
8.42;12.40;5.65
8.36;13.46;2.65
7.78;14.80;-0.30
7.01;13.20;-0.02
4.29;14.26;-3.51
3.54;15.33;-4.31
3.94;14.53;-2.44
3.42;14.06;-3.17
4.06;14.87;-4.11
6.57;17.54;-0.49
5.90;16.20;-1.30
4.19;12.40;-1.43
5.16;15.27;-1.10
4.78;15.33;-2.03
4.45;15.40;-2.44
4.04;12.33;-1.63
4.92;14.87;-1.43
5.11;11.66;-1.76
8.35;11.79;5.18
6.82;10.93;3.45
7.89;11.33;4.71
6.25;9.32;1.91
4.99;9.59;0.30
8.16;11.33;5.78
7.47;12.40;3.45
5.10;11.66;0.77
3.29;8.92;-0.50
4.09;11.26;-2.04
4.50;12.00;-1.23
3.21;11.13;-1.43
4.14;14.46;-1.90
6.18;12.13;-0.03
10.08;14.88;4.38
7.25;11.47;1.84
9.47;14.20;5.25
7.99;13.60;1.78
6.20;14.87;-1.50
8.96;17.01;0.77
10.46;15.40;1.57
4.90;11.86;-1.23
2.03;8.65;-2.57
2.11;9.66;-2.97
2.71;12.40;-3.24
3.40;13.39;-2.90
1.92;9.39;-2.97
1.99;6.25;-1.64
2.03;6.58;-3.37
1.59;8.47;-4.98
7.48;10.66;4.18
5.94;14.54;-1.63
2.46;13.27;-4.71
4.15;14.73;-2.50
2.71;11.52;-3.11
1.42;10.59;-4.84
0.46;10.26;-5.98
2.53;15.80;-5.52
2.54;15.40;-4.51
0.59;13.33;-6.58
-0.12;12.40;-7.39
-0.79;9.79;-8.26
-0.91;9.86;-7.99
0.88;9.66;-6.92
3.68;13.73;-3.37
5.24;14.20;-1.43
3.45;13.07;-2.90
3.80;13.99;-2.57
2.76;13.39;-5.78
4.67;15.94;-5.18
6.69;14.60;-3.64
9.66;16.67;0.97
4.00;16.87;-4.37
3.13;16.74;-5.58
2.81;13.47;-4.64
3.95;11.26;-2.10
2.26;6.19;-0.96
0.24;3.64;-4.91
-3.17;4.85;-9.99
-1.33;7.52;-11.53
3.63;10.72;-3.31
1.81;10.13;-5.71
2.54;11.86;-3.97
3.00;13.67;-7.65
6.86;14.80;-0.64
5.65;13.46;-0.56
3.78;11.86;-2.77
4.02;10.85;-4.31
4.02;10.85;-4.31
4.27;7.26;0.90
6.58;11.52;2.31
5.75;11.46;0.64
4.08;12.86;-2.10
4.28;14.07;-2.77
6.73;16.60;-1.43
8.09;18.54;-2.50
6.82;11.19;2.85
5.39;8.99;0.64
3.45;8.45;-1.23
4.16;9.99;-1.90
1.36;10.39;-6.98
4.22;12.99;-6.05
6.97;12.13;0.77
3.03;6.92;-4.37
2.86;8.99;-4.44
1.54;3.18;-0.03
3.39;8.05;-0.62
1.29;7.59;-3.37
1.43;8.85;-5.31
1.94;8.26;-2.97
-0.83;3.37;-5.18
0.12;6.98;-5.45
2.20;8.19;-3.91
3.32;9.66;-2.77
2.40;8.45;-3.11
4.12;13.26;-6.72
3.81;10.59;-3.44
3.51;11.12;-3.64
1.79;12.99;-7.65
4.66;15.94;-4.24
6.06;18.41;-5.78
6.97;18.20;-2.84
7.31;16.00;-1.70
10.34;18.94;4.05
11.63;19.27;3.71
13.65;21.61;5.25
12.55;21.48;3.12
14.24;23.34;3.72
13.23;21.61;2.71
12.38;20.94;4.32
14.76;22.95;6.32
17.22;21.95;12.93
14.40;19.48;9.93
11.89;18.94;4.91
11.38;17.13;5.25
13.01;20.62;6.72
10.92;17.21;3.92
11.65;16.07;7.45
11.85;15.67;8.39
14.64;19.95;8.39
13.28;19.95;4.91
13.68;23.69;4.32
14.40;21.21;4.65
11.09;15.80;8.46
11.88;17.60;7.13
12.50;18.47;7.60
12.99;20.54;3.98
14.68;21.21;6.72
15.53;23.02;5.66
11.47;15.54;4.52
6.82;12.40;2.25
7.79;15.27;1.25
10.52;16.93;1.64
12.63;21.61;2.18
12.08;22.15;1.04
13.14;21.29;3.58
9.50;14.87;5.32
9.57;14.41;4.59
12.19;19.08;0.70
13.70;18.95;9.53
12.39;17.68;5.78
13.82;19.14;8.33
16.03;23.48;10.20
16.91;23.89;8.33
15.85;21.54;10.07
13.84;19.14;9.46
13.15;21.54;3.24
13.15;21.54;3.24
16.49;27.36;4.99
18.37;28.63;6.99
25.53;29.50;0.00
20.38;27.89;10.13
19.61;27.49;9.87
19.42;25.22;14.54
17.09;23.21;10.47
17.74;25.89;9.06
15.76;22.48;10.19
15.94;26.96;4.98
19.18;28.35;6.79
20.38;27.62;11.73
21.83;27.63;16.74
18.70;23.42;11.47
16.79;24.22;8.26
15.94;20.61;12.26
14.16;19.28;9.79
14.65;20.94;8.53
15.61;21.68;6.86
11.69;16.42;4.38
12.74;18.81;6.44
14.43;24.35;3.98
18.06;28.75;5.85
20.96;30.83;8.32
20.01;26.41;10.93
16.57;22.75;8.00
15.59;25.34;5.52
20.58;30.56;8.79
22.66;32.97;10.53
24.82;34.84;12.20
23.03;31.23;12.33
24.12;32.83;13.07
24.12;32.83;13.07
19.84;23.69;16.67
19.00;25.27;15.87
20.84;28.28;16.07
22.05;29.56;12.27
22.62;31.03;13.27
24.54;33.17;14.07
25.28;33.77;16.00
25.04;33.51;14.73
23.47;31.23;16.07
24.37;32.97;14.67
24.20;33.03;12.74
22.05;31.36;14.14
23.34;32.30;13.47
23.82;30.29;16.74
20.40;23.55;16.67
20.08;26.54;13.60
21.62;30.90;10.26
24.82;33.50;13.61
27.16;35.90;18.35
26.30;34.04;16.34
27.69;35.16;16.94
26.65;35.04;19.61
26.49;34.91;17.88
26.57;35.51;17.34
22.54;29.02;18.21
27.23;31.03;0.00
24.37;30.90;16.14
24.59;32.77;14.74
28.79;32.57;0.00
23.72;29.29;15.74
20.95;28.75;11.00
22.53;31.56;11.73
24.55;33.37;15.68
26.09;34.98;17.75
26.91;36.38;16.27
26.75;33.84;18.82
24.33;32.44;15.27
26.03;33.37;16.81
25.97;34.18;18.21
24.11;31.70;16.27
25.42;33.84;17.48
23.44;31.56;15.74
24.07;32.97;14.01
27.45;36.18;18.08
26.76;35.31;18.88
28.04;35.38;16.21
27.08;35.58;17.34
25.28;35.31;13.81
24.72;32.64;13.88
23.58;30.63;16.21
24.81;34.91;14.34
27.62;37.18;18.35
28.34;37.39;17.81
27.48;36.65;15.35
26.13;33.77;15.61
25.91;32.57;16.55
25.52;30.63;18.82
24.55;31.56;18.01
23.86;29.36;17.95
23.10;28.35;16.94
21.68;27.63;13.61
20.26;28.75;9.54
24.37;32.70;15.75
23.73;30.83;16.81
20.79;27.76;13.88
22.58;32.10;12.87
24.67;34.58;16.61
24.92;34.78;13.34
25.87;37.18;13.41
26.52;39.53;15.35
26.89;35.58;15.74
24.65;33.37;13.34
20.23;24.22;17.21
22.56;30.36;15.34
22.90;32.37;14.35
24.10;34.11;14.41
25.78;35.65;13.81
26.87;36.25;17.28
24.87;32.17;17.75
23.99;33.04;14.62
23.56;33.71;13.74
23.56;31.30;15.54
21.51;28.70;16.08
18.40;25.36;10.06
19.55;29.82;7.13
21.70;30.96;11.20
22.15;32.44;11.13
22.48;33.64;10.40
23.61;33.24;11.80
23.72;33.10;14.55
23.92;33.37;15.15
25.22;33.84;16.35
25.67;34.38;16.81
25.24;32.50;17.21
23.21;31.77;14.82
25.14;33.24;16.41
24.69;33.31;16.55
24.45;33.64;12.74
22.83;28.43;14.14
18.17;23.96;11.60
16.68;20.83;12.87
18.35;25.83;12.40
19.70;27.29;9.93
18.46;24.22;12.21
16.61;23.29;7.39
17.60;25.16;9.27
17.85;26.43;10.54
18.25;28.70;9.07
19.95;30.17;10.67
21.07;30.69;10.67
17.56;22.62;9.94
13.53;21.88;3.66
12.35;24.29;2.98
14.77;27.69;4.19
16.09;29.17;3.99
16.75;29.57;5.32
17.76;29.23;7.73
19.48;28.90;11.01
19.57;27.16;12.34
16.34;24.62;10.33
16.16;25.69;8.20
20.61;27.56;0.00
18.83;28.63;9.00
17.80;29.43;8.06
19.55;30.29;6.86
16.44;21.68;11.33
13.49;21.55;6.60
11.22;23.35;1.52
12.57;25.23;1.18
13.64;25.03;3.18
14.34;25.69;6.12
13.80;23.35;6.12
16.32;25.56;6.25
17.40;22.75;13.67
17.69;22.01;13.80
16.91;22.01;12.81
11.37;15.15;8.06
11.26;15.80;7.46
11.40;17.68;7.39
12.79;20.41;7.26
14.77;18.28;11.33
15.48;20.28;11.67
12.90;19.95;6.99
12.54;18.75;6.19
13.72;16.67;10.93
14.50;18.08;12.07
12.87;19.21;8.27
11.76;20.21;5.25
11.69;19.34;5.65
13.99;21.48;7.86
17.15;24.96;8.20
15.14;18.69;11.67
13.76;21.68;8.73
16.04;23.62;11.00
13.88;17.48;10.34
12.14;17.48;8.20
11.17;19.42;5.72
10.70;16.48;4.65
10.81;16.41;3.72
6.45;14.53;0.64
6.42;16.07;0.44
6.46;17.48;-0.22
8.16;17.48;-0.89
8.74;13.47;3.18
9.77;15.14;4.65
9.74;15.60;3.32
7.50;12.06;2.92
5.49;7.59;4.05
6.64;7.86;3.25
6.38;7.73;1.84
4.35;9.53;0.57
4.67;8.79;2.38
6.62;12.73;0.64
10.22;14.94;6.19
9.47;13.61;4.72
9.63;14.21;4.32
10.47;16.67;4.79
7.25;13.74;0.78
4.30;11.33;-1.63
4.12;9.67;-2.23
3.55;7.72;-1.90
3.06;8.39;-3.64
5.19;9.39;0.84
2.45;8.92;-1.70
3.54;11.06;-2.70
4.57;9.86;-1.50
9.42;12.74;6.99
9.30;12.47;5.32
9.97;12.74;7.86
8.60;12.67;0.04
3.30;11.13;-2.44
5.06;12.66;0.17
5.35;11.80;-0.62
7.63;14.54;0.91
2.75;12.46;-3.24
0.77;9.39;-5.11
1.07;9.46;-4.51
2.84;10.93;-5.31
3.39;10.73;-1.63
1.72;8.79;-4.64
0.69;8.79;-4.37
4.24;14.07;-4.77
3.67;10.66;-2.50
2.07;8.65;-2.50
5.90;9.87;2.84
3.87;10.92;-2.30
1.24;10.99;-3.61
0.15;10.19;-5.31
0.02;9.59;-5.71
2.76;8.39;-2.70
3.80;6.39;-0.63
7.92;10.94;5.92
3.81;7.05;-2.44
3.74;9.73;-2.97
10.13;16.01;7.19
8.08;10.40;5.99
7.78;11.40;-0.16
4.50;12.00;-2.70
5.38;11.33;-1.23
3.67;12.27;-4.04
4.90;10.93;-1.16
5.58;7.60;3.78
5.91;8.00;4.25
6.58;9.32;3.92
6.32;8.79;3.92
5.45;8.67;2.72
5.68;11.53;-0.09
3.26;11.73;-1.43
2.66;9.99;-1.90
3.96;7.19;-0.56
5.50;9.13;3.65
4.34;5.72;2.71
6.90;10.39;4.05
5.92;13.47;-0.36
6.77;16.54;0.04
4.25;10.53;-0.56
5.68;6.99;3.31
4.57;9.05;0.04
5.40;11.66;-0.49
3.25;9.53;-2.23
2.82;6.66;-0.69
2.05;8.45;-1.36
1.36;6.25;-2.23
-0.78;6.12;-5.31
-1.50;3.04;-4.70
-1.42;5.06;-6.58
2.64;12.26;-4.37
3.89;12.86;-2.44
4.21;14.14;-2.57
5.77;14.60;-0.63
3.74;10.46;-2.43
2.19;11.66;-3.90
2.93;13.13;-4.37
2.81;14.20;-4.91
3.40;14.94;-5.11
3.46;14.93;-4.57
4.19;13.13;-3.10
7.80;16.28;1.44
6.50;15.40;-0.16
6.21;17.81;-2.97
6.60;16.74;-2.03
6.10;14.47;-2.43
9.19;11.74;5.79
7.77;12.20;2.78
9.20;12.80;6.86
5.88;9.53;3.25
4.82;8.73;1.65
4.63;8.12;0.78
3.58;7.86;-1.56
2.10;5.45;-0.03
2.93;9.13;-0.90
3.70;7.86;0.24
3.73;6.26;0.70
5.78;11.73;-0.16
3.56;12.06;-2.23
3.49;11.32;-2.44
4.31;11.93;-3.83
7.45;11.73;2.92
8.86;12.35;7.39
4.41;7.66;-0.16
4.12;11.46;-2.76
7.42;15.87;-2.10
11.88;20.95;2.65
10.99;16.75;4.99
8.71;14.47;0.71
13.77;18.87;8.47
12.70;19.08;6.60
11.25;22.89;1.92
11.40;22.09;2.25
11.63;22.42;0.44
11.12;19.95;1.65
11.06;15.95;5.46
11.48;14.27;9.87
10.74;14.41;7.19
9.14;13.87;5.32
10.52;14.41;7.93
10.15;13.21;7.13
11.42;15.35;8.67
12.88;17.22;9.81
12.27;18.08;6.93
13.32;22.69;4.79
14.02;19.62;7.74
11.98;17.48;4.79
12.48;18.75;6.60
13.56;20.42;6.60
14.71;23.50;4.85
14.78;21.09;8.21
13.24;21.69;4.92
13.86;21.15;6.33
16.55;26.90;8.67
12.25;16.88;7.74
12.55;16.95;10.40
13.59;18.15;9.81
12.37;20.22;4.19
14.03;22.69;4.92
12.49;16.95;6.40
10.05;18.88;1.19
12.47;21.96;2.92
12.65;23.56;3.26
14.10;23.03;5.00
14.37;19.55;9.40
12.58;18.95;4.59
11.54;15.95;5.52
10.96;18.82;0.98
13.31;21.35;3.99
14.09;21.35;5.26
13.29;18.95;9.87
12.24;17.95;7.60
14.21;19.56;10.20
17.83;25.90;10.00
18.09;26.50;9.14
16.96;26.03;7.40
17.39;26.56;7.94
14.57;21.42;6.93
12.92;22.16;3.46
13.81;23.76;4.39
15.80;25.51;5.06
18.04;27.98;5.66
15.69;18.43;13.61
14.88;19.14;12.88
15.66;19.88;12.14
16.78;23.56;10.74
15.66;22.22;7.13
13.93;21.02;5.06
15.95;24.03;8.66
17.05;27.24;7.54
17.80;26.78;10.61
18.32;25.37;10.14
19.79;27.44;12.61
20.43;28.58;12.28
21.53;30.32;12.55
22.42;31.65;13.89
24.60;35.06;12.48
23.52;29.25;14.02
19.05;28.64;8.14
18.58;26.44;9.01
20.26;27.77;10.94
17.44;21.42;10.87
14.65;21.03;8.21
15.13;23.70;5.39
18.29;27.18;6.67
19.69;27.17;8.27
22.70;32.58;10.34
24.26;33.25;12.61
25.28;34.06;14.49
21.60;29.04;14.49
17.36;23.70;11.47
16.99;24.90;9.27
19.72;28.91;8.27
18.73;27.31;10.61
19.93;28.98;11.34
20.99;31.58;8.61
23.63;32.78;11.55
25.32;33.92;14.02
26.22;34.72;14.02
21.99;27.72;16.75
21.74;28.17;14.95
23.97;31.04;14.42
22.92;28.78;14.42
22.02;28.59;13.35
22.87;29.31;13.69
20.76;27.70;15.02
19.68;26.84;13.08
19.16;26.18;14.95
20.64;28.17;12.81
23.03;31.71;14.56
22.77;29.65;17.69
23.75;32.05;15.09
25.55;34.99;16.42
25.26;34.39;16.96
24.25;30.11;17.43
21.57;28.04;13.82
23.53;30.38;17.09
23.42;30.91;13.95
24.10;30.84;16.02
23.88;31.38;14.62
25.19;33.32;16.49
23.99;31.84;15.75
25.34;31.51;17.55
23.25;30.05;15.29
22.73;29.65;12.42
22.85;29.04;12.88
24.08;30.85;15.89
24.46;32.65;16.63
25.67;35.13;16.89
26.37;37.27;16.22
28.40;37.47;17.30
26.81;37.07;16.83
27.59;33.65;20.64
26.90;35.06;20.44
26.13;34.66;19.90
27.13;34.92;18.56
27.15;35.39;17.69
27.32;34.86;19.63
25.93;33.99;17.69
25.39;33.25;18.36
26.64;33.59;19.23
27.49;34.72;17.96
26.05;34.19;17.56
25.84;35.53;16.09
26.25;34.86;16.36
26.56;34.52;16.29
25.47;34.52;14.76
25.70;31.92;18.96
23.74;31.31;14.89
25.17;34.19;16.36
25.65;35.59;14.02
25.74;34.72;14.16
25.73;35.13;14.69
28.09;35.39;18.96
27.09;34.26;17.63
22.90;31.51;15.76
24.85;33.99;16.22
24.64;32.78;17.76
25.49;33.79;17.36
24.27;30.72;18.02
23.87;31.98;17.76
24.62;33.59;13.08
26.32;34.79;16.83
23.57;34.52;11.55
20.28;30.31;9.67
22.76;31.71;12.21
21.99;28.17;13.08
19.59;24.17;14.15
18.42;22.76;15.14
17.28;24.03;11.48
16.91;24.89;8.40
20.03;29.78;10.95
21.94;32.18;12.75
22.98;33.38;13.22
24.35;34.66;13.89
23.48;33.12;13.62
22.71;32.51;12.88
22.82;29.98;14.89
22.53;31.11;12.48
28.43;35.39;0.00
24.01;35.33;14.83
23.86;32.78;13.28
23.09;33.72;12.55
24.02;35.93;13.42
24.06;36.33;12.81
24.44;37.60;13.35
26.27;37.40;16.22
26.53;34.79;15.42
24.42;33.79;16.45
23.16;32.11;18.56
23.65;33.38;15.42
22.40;33.79;15.55
21.75;30.97;13.95
23.79;31.04;17.89
20.68;24.97;16.29
19.85;27.03;13.08
16.43;22.09;13.07
15.40;20.16;9.87
15.48;23.09;6.93
16.74;27.44;7.27
19.09;27.97;11.68
19.11;29.23;10.28
20.26;29.37;11.74
20.59;24.77;16.22
16.54;22.42;12.28
14.65;23.70;8.40
15.05;19.49;9.67
17.85;25.43;9.40
17.57;28.30;7.67
18.74;29.77;7.27
19.81;25.96;13.68
18.21;24.57;10.68
19.96;25.91;14.88
18.72;24.83;12.95
19.04;29.04;10.28
18.76;22.10;13.94
15.52;21.03;8.80
12.73;21.82;4.59
14.52;24.76;4.39
17.59;25.23;9.41
18.07;28.04;10.14
18.35;27.29;11.01
16.93;22.30;10.48
17.28;21.35;13.08
13.11;21.22;3.72
13.62;22.89;5.79
13.51;23.82;4.99
15.24;23.23;7.20
18.23;22.70;13.08
13.93;17.36;12.07
14.83;17.55;12.67
14.42;15.82;13.41
14.62;15.88;13.28
15.12;18.15;13.01
15.59;19.23;12.48
16.05;18.22;14.01
14.67;18.76;10.54
16.71;19.96;14.95
15.61;19.82;11.94
15.96;22.42;11.47
17.46;27.70;11.68
17.21;28.70;10.81
15.88;24.30;9.47
14.97;23.36;8.40
14.99;22.29;10.01
13.64;19.29;9.00
13.12;14.82;11.61
12.57;14.35;11.54
12.32;14.88;8.67
11.52;16.62;5.99
13.43;14.48;12.28
14.44;18.36;12.41
13.61;19.69;8.73
11.94;20.48;6.73
10.49;19.88;4.80
10.21;18.42;3.32
9.12;20.75;1.98
8.49;18.75;1.45
14.03;16.95;0.00
11.18;14.28;8.11
9.99;12.34;0.00
10.51;12.41;8.87
11.53;16.68;6.46
12.18;15.75;9.41
11.91;15.89;8.60
14.24;17.62;10.88
12.31;14.75;10.61
14.08;16.09;12.14
14.08;16.09;12.14
7.87;12.26;4.66
7.05;13.20;3.46
8.18;11.88;4.59
9.24;14.34;4.66
6.43;14.14;1.98
7.41;12.47;2.25
8.63;12.75;5.19
8.77;10.80;4.92
13.36;17.42;10.21
11.79;14.35;7.00
8.41;11.60;5.33
7.03;9.67;2.46
9.18;12.28;5.40
4.82;9.46;1.78
5.03;10.07;1.19
2.77;9.99;-1.63
4.66;9.53;-0.62
5.87;12.60;0.38
3.40;12.40;-0.82
2.81;12.66;-2.16
2.81;10.93;-1.96
2.93;10.13;-1.83
4.64;11.20;-0.09
1.66;7.60;-3.64
1.46;7.19;-2.90
1.99;10.13;-3.23
2.20;8.39;-3.37
3.36;8.66;-0.22
2.35;12.19;-2.96
1.77;12.40;-3.77
2.27;12.53;-3.84
3.59;13.60;-1.63
2.02;11.53;-3.10
2.24;11.20;-2.96
5.92;11.67;0.18
8.05;9.00;7.13
7.13;9.66;2.25
6.46;12.19;0.72
3.21;13.47;-2.50
7.35;13.07;0.00
3.79;13.53;-2.43
3.48;12.80;-2.36
2.07;6.39;-3.23
6.31;8.40;4.45
6.16;7.13;4.05
4.00;4.99;2.78
3.80;12.80;-1.43
4.99;16.87;-3.03
5.51;16.01;-1.56
6.96;16.75;1.32
5.35;11.41;-1.30
6.96;11.14;3.72
6.57;7.20;5.79
7.05;8.60;5.79
8.24;16.07;2.59
6.25;15.75;-0.69
5.68;13.53;1.05
4.48;8.20;0.25
5.26;9.06;-0.42
1.74;7.12;-3.83
2.35;5.59;-0.16
1.79;5.06;-0.30
2.11;9.66;-3.03
1.06;8.40;-6.98
1.06;8.40;-6.98
5.72;9.60;-0.02
3.30;9.60;-1.36
2.98;10.92;-2.96
4.07;10.87;-1.29
6.45;8.73;4.72
7.48;12.19;2.19
7.59;11.73;5.79
7.91;12.14;5.86
7.84;12.08;5.19
8.22;10.74;6.87
8.96;13.01;6.73
11.40;16.01;8.27
12.43;14.94;9.07
12.58;15.81;6.33
7.61;13.55;0.18
11.36;15.56;3.06
6.28;14.67;-1.09
10.04;20.77;0.91
8.99;11.88;6.46
9.32;13.47;4.39
7.00;13.33;-0.76
6.78;8.07;5.26
6.57;13.27;0.04
8.66;13.27;5.06
10.04;12.07;7.07
9.71;13.28;6.53
10.21;15.41;5.26
7.01;14.74;-0.95
8.87;18.01;0.05
10.91;18.95;3.79
11.28;16.35;5.13
10.73;15.75;6.93
11.04;16.95;5.66
11.06;21.09;1.58
8.81;14.87;0.65
7.76;10.67;3.80
11.16;15.88;7.74
8.73;13.20;3.66
7.66;17.95;-2.23
11.12;19.82;2.58
8.74;18.21;-2.03
7.45;16.08;-1.09
8.63;17.61;0.85
10.11;18.68;2.52
10.29;18.87;1.52
10.24;19.08;2.52
10.94;18.34;5.53
10.84;20.62;0.25
10.30;11.61;3.60
4.13;10.13;0.25
4.07;9.13;-1.16
5.27;11.00;-1.03
7.66;14.94;-1.16
8.06;16.81;-1.69
7.54;15.61;-2.49
9.07;15.75;0.78
8.55;11.60;5.66
7.75;12.27;3.52
9.92;15.61;4.32
9.36;15.75;1.18
9.20;12.55;6.20
7.59;12.26;3.92
7.59;12.00;2.72
7.62;15.08;-0.09
7.72;13.21;2.92
5.91;11.68;-2.09
8.84;14.29;6.87
7.58;12.33;4.92
9.07;15.01;3.72
10.58;16.28;5.73
12.43;17.62;8.87
12.27;18.35;6.93
11.81;16.34;9.47
12.57;17.09;8.87
12.60;18.61;7.13
13.66;21.42;6.80
13.86;22.36;5.99
13.47;22.22;8.14
14.76;22.76;6.06
15.28;22.56;7.40
15.20;23.56;8.34
15.36;22.69;7.07
15.51;24.10;6.26
16.73;25.44;8.27
16.97;26.24;8.01
13.37;17.69;10.88
12.02;14.68;10.40
12.16;16.62;9.07
11.39;18.61;5.99
12.31;18.42;5.66
11.95;16.48;8.53
9.98;14.34;5.46
10.35;14.47;7.74
11.43;15.88;7.94
12.43;19.69;4.46
12.02;18.22;4.66
13.90;21.62;6.13
15.63;25.64;4.06
17.47;26.78;7.07
18.48;27.45;9.01
18.84;27.31;8.54
18.31;25.10;9.68
17.27;23.83;9.21
17.27;22.03;12.48
13.84;18.42;9.48
13.56;21.75;5.13
16.63;25.24;6.27
18.68;27.11;9.21
22.48;31.38;12.88
22.80;30.58;14.69
18.22;26.38;13.22
17.41;23.36;12.01
17.67;22.83;12.75
15.94;21.63;12.95
13.11;16.03;10.01
11.60;15.35;8.54
13.54;19.41;7.27
16.24;21.10;11.47
13.84;19.09;7.33
15.07;23.56;5.26
17.04;23.76;8.61
16.94;21.69;12.01
16.43;22.96;8.01
17.99;25.10;8.14
18.58;27.05;9.41
19.73;28.12;10.68
18.15;25.57;11.42
18.49;27.58;10.15
20.46;29.85;11.42
21.79;30.98;12.55
21.68;29.79;15.43
19.91;25.37;15.03
18.93;26.78;10.15
21.31;30.06;11.42
21.07;27.11;13.69
17.99;21.97;15.50
18.22;23.90;13.42
17.69;20.90;16.22
17.60;21.70;15.43
19.53;26.91;11.68
19.53;24.84;14.16
18.21;23.97;11.88
16.79;24.43;8.07
17.53;26.98;7.67
20.79;31.86;9.68
24.46;31.79;15.43
22.32;27.38;15.97
20.18;26.98;12.41
20.51;28.72;12.62
22.21;30.93;12.82
23.20;32.06;11.89
23.13;33.93;10.28
22.73;28.59;15.23
21.06;30.19;10.89
22.86;31.53;12.22
24.22;30.12;15.03
21.91;30.79;12.02
24.28;33.59;13.82
26.61;35.39;17.90
25.68;34.94;16.23
21.86;26.71;16.03
20.09;28.79;11.08
21.92;30.93;12.89
24.39;33.13;15.56
26.18;35.40;16.10
27.93;35.81;17.17
26.62;34.13;16.23
23.43;28.59;18.50
23.75;31.26;14.89
23.45;32.39;12.56
22.88;30.26;11.15
20.63;28.65;9.95
22.16;29.06;13.02
22.00;29.66;12.48
22.34;27.78;17.83
20.73;29.72;10.96
22.94;33.66;12.22
24.92;36.20;12.35
25.64;37.00;12.96
27.58;37.27;16.50
27.88;36.20;20.10
27.08;36.20;18.24
26.92;38.07;14.76
27.73;35.67;18.96
24.68;34.87;12.89
26.11;36.33;17.30
26.83;39.34;15.76
24.94;37.74;17.50
23.58;30.45;17.23
23.58;30.45;17.23
21.31;28.25;15.03
22.25;31.47;13.75
23.45;32.46;13.75
23.12;32.79;11.95
23.33;30.58;15.03
23.40;31.79;13.89
25.23;32.46;16.69
24.27;31.99;13.36
21.84;28.91;12.96
22.02;31.12;15.76
24.00;33.26;14.83
21.46;30.18;11.08
20.57;28.78;11.15
19.73;24.77;15.36
16.88;24.03;7.07
18.51;26.30;9.28
19.17;26.44;14.08
21.40;29.39;15.42
25.96;34.26;18.16
27.45;37.13;16.56
27.42;36.20;17.16
23.66;29.11;16.36
20.69;27.17;15.23
19.46;27.91;12.22
21.46;30.98;13.55
21.83;31.65;13.02
23.13;32.58;14.16
21.75;29.78;13.69
20.69;30.65;10.54
21.54;30.98;11.48
22.83;31.85;12.95
21.62;31.52;10.95
21.20;30.38;12.62
22.72;29.58;16.83
21.03;30.31;12.02
21.18;29.31;13.82
21.41;27.70;15.82
19.43;24.56;13.75
19.50;28.10;12.08
20.59;29.64;12.55
20.08;27.11;13.55
18.71;26.77;10.81
19.41;27.44;14.29
20.30;28.90;11.89
20.03;24.57;15.76
19.39;27.24;11.88
19.93;26.90;14.02
20.10;28.58;11.75
18.67;27.84;9.54
15.86;22.09;9.54
12.19;19.09;3.80
12.54;23.56;3.13
15.40;20.29;10.01
15.93;25.10;6.93
17.78;23.17;13.48
17.35;24.37;11.34
15.97;20.55;12.95
14.86;20.29;10.14
15.62;21.22;10.81
15.48;23.62;8.07
15.69;23.36;9.67
17.13;24.83;10.28
15.85;23.36;8.61
14.42;23.63;6.40
14.67;20.02;8.87
14.64;22.76;8.74
12.35;21.75;4.93
12.71;22.96;4.80
13.23;22.42;5.80
13.92;22.42;7.74
14.22;23.76;6.26
14.09;23.70;6.40
12.83;22.36;5.53
13.03;24.16;4.46
10.95;20.42;3.66
11.35;22.63;1.25
13.00;17.62;9.20
12.51;15.68;10.54
10.60;17.68;5.06
8.10;15.94;1.19
9.25;17.48;1.45
10.81;19.68;4.18
11.78;21.42;3.06
11.80;16.68;4.79
9.97;17.28;3.66
8.35;18.95;0.45
8.69;21.15;-0.82
7.95;19.28;-0.09
8.61;20.88;0.18
8.61;21.55;-0.29
8.79;22.22;-1.70
8.30;19.75;0.92
7.03;19.89;-1.23
7.72;17.15;-0.69
6.68;18.62;-0.49
4.93;19.69;-4.97
6.92;21.22;-2.56
8.79;19.34;-0.22
7.04;16.95;-2.09
8.56;14.20;1.25
2.07;13.20;-5.64
-0.12;13.33;-9.65
1.09;13.07;-9.72
1.38;7.73;-5.70
11.19;13.22;4.99
7.88;11.53;1.38
5.56;12.73;-0.42
5.98;12.13;0.72
4.81;10.74;-0.62
6.07;12.81;0.78
6.91;16.15;-1.23
6.74;14.94;0.18
3.99;12.33;-1.49
2.85;10.80;-2.90
2.98;13.07;-3.64
3.40;10.13;-3.37
5.57;12.86;-1.50
5.88;14.20;1.11
5.01;16.27;-0.96
4.05;14.41;-2.83
4.68;14.14;-1.56
2.78;7.66;-1.63
3.62;7.00;0.25
9.65;16.68;1.52
4.93;12.46;-3.03
3.45;11.67;-3.17
1.05;11.47;-5.38
1.32;11.79;-4.43
-0.30;9.79;-6.64
-1.50;8.39;-7.71
-0.17;8.39;-5.10
-0.48;7.05;-7.11
4.04;6.87;-0.29
5.00;9.41;0.85
6.79;8.47;5.19
7.42;10.47;4.26
6.94;9.54;3.39
7.11;13.33;2.12
3.80;12.40;-1.30
3.04;10.27;-3.03
6.67;11.87;3.12
4.20;11.73;-1.23
1.54;10.46;-3.90
1.54;9.72;-4.10
3.04;12.86;-2.76
1.27;10.86;-4.44
-0.29;7.13;-6.18
4.85;8.67;2.72
6.89;8.94;4.32
6.01;9.99;2.72
7.55;11.00;4.19
10.79;13.81;9.00
9.42;11.61;5.93
7.66;12.00;4.79
8.40;10.73;6.33
9.58;13.02;7.54
7.35;10.28;4.12
4.34;10.53;-0.82
2.80;8.40;-2.96
6.62;11.00;3.39
6.42;9.54;0.45
10.02;12.81;8.14
8.44;12.54;2.66
7.52;12.86;3.99
7.26;17.00;0.65
6.88;17.21;0.24
6.22;16.47;-0.36
6.95;17.95;-1.43
6.58;16.34;-1.09
6.15;14.47;-0.69
6.16;11.73;0.99
4.90;14.61;-2.23
4.64;16.00;-2.09
5.20;17.88;-2.36
5.40;16.28;-2.83
5.35;14.87;-3.97
3.97;11.99;-2.16
2.79;9.87;-3.63
5.20;11.73;-1.09
6.61;10.61;1.11
8.13;11.74;5.13
4.69;11.79;-0.29
5.97;16.61;-1.83
7.68;17.27;1.05
7.18;18.41;-1.30
6.20;16.88;-2.23
5.59;16.34;-2.23
5.00;15.54;-3.90
5.30;11.81;-2.30
5.35;11.34;-1.89
8.51;10.88;6.80
9.28;13.07;4.26
7.46;16.20;-1.16
5.75;11.68;-1.62
7.69;8.94;6.53
10.23;12.48;8.14
9.98;15.00;5.80
10.14;17.00;4.26
10.52;17.95;1.78
9.95;17.62;2.32
9.23;12.42;7.54
9.89;14.21;5.00
8.38;16.68;0.51
10.53;19.01;1.72
11.37;16.35;8.01
11.37;16.35;8.01
9.94;19.68;2.19
11.19;20.82;3.06
11.27;21.96;2.79
7.60;12.27;2.52
5.00;10.74;-0.56
5.52;14.34;-4.70
7.12;18.82;-2.83
7.60;16.74;-1.36
7.46;15.21;-1.96
8.13;11.75;3.26
14.12;20.62;5.93
13.25;20.55;5.19
11.52;21.62;3.06
12.57;23.76;1.85
13.49;19.15;7.94
11.45;18.88;2.92
11.25;19.09;3.39
9.68;15.01;4.13
8.21;15.95;-0.28
7.66;14.87;2.99
8.68;19.29;-2.96
9.11;14.75;3.45
4.69;9.80;-0.02
9.28;15.08;4.59
9.51;17.62;-0.82
11.04;14.61;8.41
11.42;15.49;7.47
12.95;20.48;4.12
13.76;23.09;4.46
10.68;17.09;3.86
8.03;16.75;-1.36
10.76;19.42;0.12
13.81;23.97;2.86
15.84;26.58;3.39
14.67;25.64;3.27
13.92;23.50;1.85
14.34;25.44;2.92
14.78;19.50;10.75
11.24;15.02;9.01
14.24;18.02;12.08
13.21;16.55;11.14
8.85;12.75;4.39
7.99;15.14;-0.22
10.14;15.75;2.72
10.37;16.94;1.98
10.97;19.75;1.25
13.69;22.16;6.60
11.41;14.15;9.34
10.00;14.14;7.40
9.29;13.28;7.33
9.79;14.27;6.80
11.77;16.82;8.07
13.60;19.22;7.54
14.92;21.83;7.07
15.76;24.77;6.13
17.71;27.11;8.34
17.96;27.91;7.40
18.54;27.57;8.74
17.73;21.36;14.09
12.81;20.29;2.59
15.36;18.68;0.00
12.39;21.82;1.66
15.47;25.91;5.40
18.21;27.92;7.87
19.05;26.78;9.48
20.07;27.84;11.41
20.36;28.31;11.28
19.33;24.43;11.81
13.82;15.68;11.74
14.31;18.75;11.68
11.04;12.21;10.07
14.06;18.95;10.21
14.18;21.49;6.40
13.83;19.62;8.14
14.23;17.89;11.81
14.30;19.15;10.41
14.47;19.49;11.34
15.14;20.36;8.67
12.19;19.62;8.14
12.22;19.09;4.46
13.99;22.09;4.66
14.55;21.50;7.47
16.92;24.23;8.54
15.52;18.76;11.81
13.40;17.15;9.87
11.88;15.21;9.07
12.75;17.75;7.33
13.17;19.22;7.13
13.80;17.42;9.00
14.75;20.02;11.21
14.17;19.89;8.74
14.14;19.55;10.01
13.26;18.88;8.40
15.61;21.89;11.74
16.09;23.70;9.01
18.72;25.10;11.82
17.40;22.36;12.41
16.35;23.97;6.66
16.78;24.17;8.41
14.00;19.15;10.34
12.89;16.15;10.54
15.12;20.15;12.28
15.95;22.03;9.74
17.68;25.10;9.61
18.76;26.64;8.61
20.16;29.65;10.01
20.29;26.91;12.15
17.85;23.50;14.95
18.21;24.29;13.28
20.06;29.71;10.41
22.43;31.84;12.01
23.61;33.59;12.75
25.63;33.99;15.96
26.99;35.13;16.29
25.60;31.38;16.96
21.63;29.04;15.62
24.73;33.79;15.55
26.53;35.13;19.03
26.14;34.12;18.83
25.85;34.32;16.42
27.35;35.53;19.83
26.25;34.39;18.50
25.71;33.38;16.29
21.82;28.24;13.62
19.61;26.70;12.15
21.93;31.18;10.68
24.60;32.25;14.48
23.77;28.58;18.16
19.79;27.10;10.21
20.80;30.71;11.08
22.96;32.25;14.02
23.46;32.51;11.95
22.50;30.37;12.22
19.97;26.70;13.35
18.91;27.77;11.08
26.23;29.77;0.00
22.26;29.97;13.68
22.14;28.04;16.36
22.57;31.44;13.34
24.71;34.45;15.29
26.44;35.99;16.16
27.13;33.65;18.16
25.77;33.99;16.36
24.58;34.39;16.02
25.84;35.52;15.42
26.23;30.72;20.50
23.85;30.64;15.69
24.17;30.71;15.49
24.40;32.78;13.55
24.40;30.58;17.63
22.53;32.58;11.75
22.53;32.58;11.75
22.53;32.58;11.75
22.53;32.58;11.75
22.53;32.58;11.75
22.53;32.58;11.75
28.15;36.13;0.00
26.81;36.13;17.30
26.27;35.13;15.16
25.75;32.05;17.96
22.14;31.58;12.42
24.12;33.32;15.89
25.40;34.39;13.55
24.77;31.31;14.96
23.20;28.71;17.76
20.53;30.32;10.48
20.41;27.50;11.48
18.83;26.83;8.87
17.89;28.11;9.81
19.71;28.24;11.01
20.73;32.05;9.28
21.67;30.52;11.28
20.98;30.64;12.09
22.56;32.31;12.49
23.80;30.98;15.22
22.52;30.98;17.16
22.02;31.71;13.55
22.03;32.31;12.49
23.33;32.92;13.95
25.80;32.05;19.29
23.56;32.51;15.09
25.22;31.78;15.82
23.51;27.91;17.63
20.88;28.51;10.88
20.94;29.85;12.09
21.00;29.38;11.82
21.00;29.38;11.82
21.00;29.38;11.82
21.00;29.38;11.82
21.00;29.38;11.82
21.00;29.38;11.82
21.00;29.38;11.82
21.00;29.38;11.82
24.33;29.23;0.00
20.90;28.04;12.95
16.11;22.16;7.80
15.02;23.89;4.46
16.16;25.43;5.93
16.79;28.37;4.86
17.92;29.43;8.07
18.41;28.17;9.34
19.52;26.64;12.68
19.45;27.84;10.88
19.65;28.43;11.01
17.14;24.96;11.35
17.60;21.22;15.29
17.99;24.22;13.68
15.65;21.69;10.68
14.98;22.42;8.67
14.61;22.22;8.53
14.54;20.63;9.08
14.72;19.35;11.61
15.15;23.62;7.74
14.61;23.62;8.81
14.11;24.29;6.20
14.85;24.62;6.00
12.09;17.41;6.20
9.31;17.28;1.19
10.97;22.36;2.59
11.66;23.89;1.92
10.06;18.83;2.59
12.70;18.15;7.53
13.08;19.49;6.20
17.84;24.43;12.21
17.43;22.17;13.08
17.59;22.96;13.61
16.19;21.55;13.15
16.21;22.62;12.42
15.53;23.69;9.47
15.77;23.69;8.87
16.51;23.09;11.21
13.98;17.49;11.15
15.69;20.62;11.68
15.83;22.16;11.68
15.68;19.62;12.88
11.10;15.22;8.73
10.69;15.68;8.06
10.73;18.48;5.33
12.76;21.69;6.46
12.04;21.82;5.26
12.25;21.42;4.80
9.06;14.02;5.46
6.22;11.73;1.38
6.54;10.75;0.38
9.17;11.01;7.40
8.16;12.81;4.19
8.49;12.94;4.99
6.04;11.14;0.32
6.52;11.41;2.52
7.56;13.94;2.52
6.58;15.08;-0.22
6.70;12.20;-0.02
9.99;15.14;3.86
6.23;14.74;1.05
6.94;16.67;0.92
7.43;12.54;2.52
6.87;13.14;1.39
8.29;13.21;1.46
7.13;15.54;-1.36
5.40;16.41;-1.36
6.22;17.61;-0.76
6.27;18.62;-0.76
4.24;11.07;-3.36
6.91;15.21;-0.49
5.33;13.94;-0.42
6.02;14.54;-1.96
12.63;16.75;8.33
8.92;14.81;2.71
7.37;12.55;0.05
1.60;8.27;-3.10
1.77;8.66;-4.50
0.04;8.06;-4.70
0.21;7.39;-7.24
5.03;7.06;2.98
3.75;7.66;-0.29
2.66;6.40;-0.15
2.77;8.33;-2.29
3.44;5.93;0.78
4.92;9.34;0.98
11.84;15.95;7.74
7.98;11.14;2.79
10.03;12.01;8.60
9.71;11.47;8.20
6.64;8.47;1.58
4.40;7.46;-0.76
3.23;9.67;-2.69
2.50;8.12;-2.09
2.25;5.73;-2.96
2.70;7.13;-2.03
1.68;7.86;-3.70
5.25;11.14;-1.36
4.52;12.01;-1.96
4.04;12.87;-2.16
3.43;13.74;-2.50
3.60;13.87;-2.03
3.74;15.60;-2.16
3.30;17.02;-2.89
2.20;15.88;-4.97
1.97;14.61;-3.70
1.06;11.47;-5.37
-0.31;8.26;-6.31
4.15;9.27;-3.03
4.80;9.41;0.78
6.47;10.07;3.18
6.98;13.27;2.59
7.31;11.54;4.25
7.09;12.14;2.92
6.74;9.14;3.39
4.85;10.46;-1.49
1.96;5.73;-2.43
1.31;7.26;-2.90
-0.73;4.71;-6.10
-3.15;2.25;-7.64
-0.72;0.71;-2.62
-4.21;-0.04;-11.88
-2.66;5.52;-8.85
-3.51;5.38;-9.65
-1.35;1.58;-7.18
-0.04;1.38;-1.63
2.21;5.73;-0.69
1.26;8.46;-2.50
1.78;10.06;-2.70
2.31;8.80;-3.10
9.19;12.95;4.59
4.62;7.47;0.78
2.00;8.06;-3.36
6.72;12.15;2.25
12.80;14.55;11.34
8.95;14.55;11.34
5.33;8.60;2.46
5.03;9.66;-0.15
8.08;12.14;4.19
9.81;15.21;5.79
11.97;16.01;9.07
9.33;15.27;5.13
7.65;11.34;3.39
3.18;4.26;1.71
4.70;6.80;2.78
3.98;6.80;-0.09
6.11;11.14;4.46
5.38;8.27;3.72
3.77;6.20;1.17
2.62;8.06;-3.16
5.43;11.07;-1.29
9.29;12.08;6.53
9.02;12.81;1.59
4.91;13.47;-2.76
7.25;14.41;-0.49
5.72;15.68;-1.89
5.25;17.01;-2.03
4.99;13.80;-2.83
2.97;13.80;-2.83
4.72;14.54;-2.36
5.73;17.41;-2.90
6.30;16.34;-2.30
5.93;13.08;-0.62
6.95;16.35;-1.43
6.98;15.81;-0.28
7.11;18.42;-2.09
8.23;18.55;-0.69
8.65;17.81;0.18
7.74;17.88;0.25
7.60;19.49;-1.69
7.41;12.28;2.32
8.96;12.68;6.53
7.94;12.20;2.79
7.30;10.01;5.46
7.24;11.55;5.33
6.67;10.08;3.59
8.25;15.34;-0.89
11.19;18.08;2.52
9.91;19.89;0.32
9.99;19.62;2.52
9.07;19.55;-0.42
10.71;21.62;1.05
11.57;21.62;1.52
11.77;22.69;2.46
12.46;23.50;2.13
14.36;23.23;7.33
13.56;23.90;4.13
11.44;19.82;2.66
10.20;21.03;0.45
11.07;22.16;0.78
12.99;24.17;2.33
10.88;21.09;-0.42
10.48;19.29;2.99
10.83;20.95;1.86
11.41;21.49;0.72
9.48;19.82;-0.22
10.93;23.09;-0.01
13.13;24.63;0.52
10.79;19.42;4.86
6.88;12.01;1.25
6.89;11.27;4.53
7.03;12.40;1.25
7.79;16.75;-2.49
9.36;17.81;0.72
11.33;21.49;0.78
13.42;22.56;4.59
14.59;23.90;5.33
13.78;23.09;3.80
10.86;16.01;5.19
8.88;19.35;-2.09
12.22;21.42;2.53
9.72;16.09;5.87
7.81;14.14;0.32
9.12;14.67;2.92
9.77;19.95;-1.42
10.77;13.48;6.53
7.90;12.54;5.66
8.33;13.54;5.20
8.42;12.74;2.72
10.16;16.62;6.26
11.04;17.48;4.92
11.92;18.88;5.26
12.32;21.89;1.39
13.18;22.76;2.53
14.58;25.57;3.33
15.99;26.31;4.53
14.08;19.09;7.40
10.19;13.55;7.33
10.19;19.16;0.85
14.20;18.43;9.81
13.71;21.70;3.33
13.55;18.16;8.74
13.32;19.49;5.20
14.61;23.36;5.86
15.75;26.04;4.06
17.97;25.77;9.21
17.86;27.18;6.93
19.57;29.58;8.68
26.15;29.73;0.00
20.04;28.67;10.28
19.76;27.05;12.55
16.48;24.57;10.21
16.98;24.30;9.35
21.30;24.37;0.00
16.71;23.63;8.74
16.01;20.29;10.55
13.91;22.89;4.27
16.61;26.78;4.80
18.76;24.30;13.95
16.55;26.11;4.67
17.89;29.25;6.47
21.83;33.73;9.88
22.51;30.46;13.62
22.09;31.39;11.75
14.92;21.51;13.02
16.53;22.44;12.35
16.66;22.50;12.02
16.15;23.36;8.01
17.23;25.64;8.88
19.77;30.05;9.28
21.62;31.25;10.02
21.61;31.12;11.48
22.04;31.06;11.75
22.08;32.86;10.28
21.86;31.87;11.22
23.17;32.19;11.42
22.28;28.45;12.82
19.38;23.03;14.82
15.71;20.96;10.95
16.49;22.22;11.15
16.12;20.23;12.73
16.49;22.51;9.94
21.41;28.98;12.82
23.11;32.92;11.68
25.17;36.26;13.76
26.87;37.41;14.89
25.65;32.93;17.83
28.10;32.19;0.00
21.84;27.65;18.23
23.59;33.06;15.36
26.53;36.53;16.63
26.84;35.93;18.90
25.75;33.40;17.76
22.60;32.33;12.29
23.48;34.26;10.15
25.20;33.80;14.49
24.94;31.46;16.84
22.78;27.78;14.69
21.49;26.78;13.09
21.58;30.18;10.15
21.99;29.79;13.29
23.67;32.12;13.09
26.16;33.79;16.10
26.90;34.67;16.90
26.94;33.68;17.57
25.62;33.13;14.56
25.63;31.12;19.44
23.33;30.99;13.09
23.17;29.58;14.23
23.18;30.47;15.96
23.58;31.86;16.02
25.36;32.66;18.10
25.26;33.06;16.70
25.71;33.59;15.16
24.38;34.13;12.42
24.96;34.08;12.62
24.45;29.19;17.77
22.54;31.12;12.42
30.59;33.06;0.00
23.30;28.24;15.16
20.02;28.91;10.61
22.18;31.38;11.28
23.78;31.79;15.16
25.97;35.80;14.02
27.17;32.06;20.50
23.73;27.31;17.43
25.63;30.18;0.00
23.30;34.46;13.16
26.12;36.20;15.29
26.35;34.47;18.37
23.80;34.19;13.49
24.93;33.06;15.50
23.65;33.38;12.02
24.77;33.38;13.16
22.55;29.51;14.16
20.69;28.44;11.15
22.54;30.84;12.49
23.92;34.05;14.23
25.65;35.19;15.76
25.95;32.32;17.23
24.41;32.45;16.10
24.03;31.05;14.62
23.35;30.58;17.43
22.25;30.57;16.63
23.21;32.45;14.56
25.25;33.52;16.69
26.12;33.32;17.83
24.75;32.92;17.03
25.20;34.53;16.56
25.09;35.53;14.70
26.06;34.86;17.36
26.62;35.53;17.09
26.88;34.86;17.16
25.73;34.07;16.03
24.24;35.40;13.70
25.91;35.39;15.56
25.81;34.79;15.36
25.20;31.12;15.63
25.20;31.12;15.63
25.20;31.12;15.63
25.20;31.12;15.63
30.13;35.66;0.00
26.07;34.52;19.04
25.64;35.46;16.09
25.27;34.12;16.03
26.51;31.72;20.23
23.73;30.52;15.43
21.91;31.05;10.35
23.29;32.26;12.42
22.90;31.45;15.63
25.22;32.46;20.03
25.69;33.26;16.76
24.99;32.39;17.03
24.03;31.32;15.36
23.40;31.65;13.96
22.68;30.38;13.56
22.51;29.31;14.90
20.94;27.04;15.76
19.58;25.71;13.63
17.20;23.56;11.42
13.73;21.09;5.54
10.75;14.28;6.74
13.24;18.82;8.68
16.17;22.77;11.42
15.64;24.77;8.07
15.71;23.71;7.41
18.70;27.50;9.61
19.91;27.11;11.68
18.74;28.17;9.48
18.82;28.91;10.02
19.86;28.31;11.08
17.95;26.30;11.68
17.78;26.31;10.08
18.02;22.64;14.56
17.35;22.56;14.42
18.61;24.04;14.62
17.85;27.38;10.41
16.54;26.50;8.07
16.78;28.04;7.07
18.34;28.71;8.07
19.81;28.44;11.62
19.70;26.18;14.16
17.09;22.63;13.22
16.34;23.97;10.28
17.70;25.37;10.41
18.89;26.58;10.88
17.95;27.11;8.61
16.83;25.24;10.28
16.12;25.91;7.54
15.23;24.57;7.28
10.98;19.55;1.86
11.06;23.36;1.25
10.64;23.50;1.39
10.50;21.50;0.58
13.85;16.49;11.08
11.04;14.01;8.81
13.55;17.09;9.94
13.05;19.35;6.07
12.89;21.36;6.00
14.04;22.50;8.07
15.62;24.77;9.61
15.22;24.57;8.34
14.32;24.63;7.00
15.22;25.37;7.87
15.26;25.64;6.87
15.50;24.77;8.61
16.86;24.43;9.01
14.23;18.70;6.81
11.54;21.63;2.66
12.96;17.89;9.41
11.14;14.82;8.21
12.95;18.02;9.28
13.17;16.01;8.68
11.32;15.15;6.73
10.38;15.48;4.12
9.30;16.49;-0.08
11.32;19.30;2.19
8.37;17.96;1.19
8.60;18.22;1.92
12.36;17.69;4.80
12.00;18.16;5.87
10.86;22.63;1.32
11.09;18.89;4.67
11.82;19.83;7.13
10.26;19.89;4.20
8.39;18.29;1.79
9.36;16.89;2.86
11.76;16.88;4.33
6.46;15.54;-1.42
5.46;17.95;-2.29
5.73;13.28;-2.63
10.17;11.74;8.47
8.57;12.21;3.39
7.05;11.61;2.92
7.37;9.88;3.80
5.87;10.27;0.78
5.96;10.40;-0.42
10.00;12.75;8.14
9.22;12.61;3.33
6.84;13.01;1.05
2.54;7.73;-1.69
8.30;12.21;4.73
9.77;11.55;8.34
9.14;12.75;3.06
6.48;11.80;1.52
5.66;15.55;0.72
5.29;15.21;-0.75
3.70;12.28;-0.29
4.01;7.67;-0.89
2.09;6.60;-1.50
0.77;6.06;-5.23
-1.27;1.11;-6.10
5.70;11.88;-0.82
0.33;3.26;-3.63
-1.14;4.72;-6.64
-4.07;4.38;-10.92
0.00;2.05;-2.96
7.71;11.68;1.38
9.40;13.49;5.39
11.50;14.42;7.87
6.04;9.07;0.99
6.57;9.87;3.26
3.22;7.60;-0.95
6.38;10.01;3.12
12.85;14.16;8.81
10.34;13.62;7.47
7.36;10.68;3.19
5.88;8.87;3.26
5.46;7.93;2.59
5.16;8.00;1.78
7.90;10.01;6.66
7.94;11.75;5.93
5.17;6.93;3.19
2.42;3.93;1.05
1.01;2.72;-0.42
-0.23;2.32;-3.16
-2.81;0.11;-6.57
-2.19;2.44;-6.92
0.82;3.13;-0.42
4.88;8.41;1.79
9.41;11.29;3.66
4.24;9.47;-0.48
6.87;10.08;3.73
8.03;12.41;5.52
9.46;14.01;5.52
10.10;12.21;7.47
7.96;12.94;2.53
3.66;9.20;-0.68
4.06;9.00;-0.15
7.53;11.41;3.86
6.94;12.60;2.66
5.29;8.73;0.26
3.60;9.46;0.05
2.23;4.59;-0.75
2.25;11.13;-5.24
4.41;12.00;-3.03
6.01;11.27;-1.29
6.19;11.14;0.58
4.17;10.20;-2.16
1.88;10.47;-4.03
3.97;13.74;-4.36
7.90;10.22;5.06
9.49;12.55;6.60
8.19;15.01;2.72
5.81;12.08;-0.55
7.61;12.15;4.53
6.61;10.74;2.86
3.39;7.60;-2.62
2.20;5.79;-2.70
1.94;6.92;-3.10
0.53;5.58;-4.03
-0.51;5.78;-6.04
0.72;2.52;-2.69
3.96;5.86;1.38
8.29;11.07;5.52
5.66;8.73;1.12
5.34;8.74;2.66
4.51;9.47;0.12
4.13;6.27;1.66
9.15;13.69;5.59
8.59;12.41;6.66
10.07;13.95;6.66
10.78;14.09;8.74
8.54;11.41;3.80
12.22;20.79;7.13
9.33;12.60;5.73
8.89;12.67;5.67
8.39;15.36;2.66
9.09;13.95;6.60
9.31;15.22;2.86
7.65;10.35;2.86
4.26;6.33;2.12
6.65;9.55;4.66
2.70;5.06;-0.22
3.62;9.60;-1.62
3.13;7.86;-0.89
2.24;7.92;-3.56
4.17;6.73;1.32
3.64;10.47;-3.16
6.12;13.54;-0.15
6.28;16.68;-2.09
8.40;18.76;-2.29
10.82;19.55;-0.08
10.75;18.88;4.67
11.32;16.82;5.87
14.12;20.23;9.55
12.15;17.09;7.20
12.73;20.36;5.41
12.49;19.36;5.07
13.53;19.30;8.27
10.20;13.69;7.27
8.90;12.68;5.07
11.30;16.48;6.34
11.11;19.62;3.80
11.13;14.96;6.14
9.74;13.95;5.87
10.01;14.74;4.40
9.68;14.15;5.00
8.99;16.15;0.46
9.28;13.94;6.47
8.90;15.61;1.32
9.99;19.02;0.99
11.37;19.35;2.19
13.11;16.35;7.94
10.73;20.03;1.99
11.67;19.55;3.60
13.75;21.42;3.80
12.97;21.96;2.66
12.32;20.43;5.14
8.38;11.21;5.80
9.89;13.02;8.07
11.52;15.88;8.94
13.07;17.81;10.54
11.67;16.15;9.68
12.26;15.21;9.54
12.31;18.75;5.80
13.73;21.30;6.14
14.79;23.70;7.60
16.01;21.03;12.81
15.32;19.56;9.68
15.39;23.30;7.27
17.65;26.04;9.41
18.76;27.05;10.22
19.51;28.71;10.15
20.70;28.65;11.15
19.93;26.11;12.69
17.66;24.57;9.55
17.49;23.16;11.82
15.51;22.49;8.27
11.59;16.16;7.13
8.70;12.55;5.60
10.42;15.68;4.86
9.80;17.88;0.12
11.53;18.76;6.06
12.07;16.82;6.93
13.51;17.02;10.88
13.25;17.29;10.54
11.55;16.81;5.33
12.35;16.28;9.94
9.69;13.74;6.73
10.07;14.61;5.26
12.17;17.15;8.01
12.16;20.29;2.73
15.17;24.17;4.60
17.32;26.30;7.07
18.69;26.58;8.34
18.04;26.44;9.54
19.00;28.51;9.68
19.99;28.78;10.02
21.00;28.24;11.42
21.12;27.30;13.82
19.67;23.97;14.83
18.46;24.17;11.82
17.69;24.70;10.28
16.48;22.16;10.28
18.16;26.91;8.54
20.81;29.31;9.81
23.01;31.64;13.56
24.18;32.66;15.36
21.95;29.54;15.96
23.11;31.25;14.28
23.53;32.32;14.42
23.82;31.66;14.29
23.25;30.12;15.62
22.61;28.92;13.83
19.55;24.77;14.08
14.66;17.29;12.82
15.01;19.63;11.62
15.36;18.89;12.09
14.61;16.82;12.95
17.25;23.76;13.22
17.69;23.97;11.35
14.80;19.63;8.07
13.20;17.89;5.87
15.48;24.10;6.07
18.43;25.77;9.15
19.12;26.24;13.02
18.40;24.63;10.28
17.25;26.85;6.34
21.32;31.45;9.88
22.88;32.73;10.82
24.55;34.20;14.03
23.73;31.85;17.97
22.61;30.85;15.09
22.14;29.85;17.03
23.96;31.45;15.09
23.82;31.66;17.70
24.36;32.99;15.23
25.77;34.13;16.03
23.38;31.45;17.10
21.85;29.05;17.30
25.05;33.73;16.23
26.35;34.93;16.83
27.21;35.73;17.23
27.92;37.13;18.70
27.46;35.35;20.17
28.03;34.80;21.31
26.94;36.00;17.56
27.23;37.13;17.30
28.59;35.53;19.24
25.44;33.66;13.83
25.68;31.32;19.96
23.03;33.13;11.95
23.45;33.99;11.62
25.54;35.39;15.03
27.36;36.13;19.17
27.02;36.87;16.10
27.41;36.13;15.83
25.25;31.74;16.30
26.67;32.18;20.97
24.79;32.73;17.30
25.64;33.25;17.90
25.28;33.92;14.03
24.96;33.12;14.16
25.25;35.39;14.56
26.50;37.47;15.90
26.72;36.46;15.69
25.63;34.46;17.63
26.23;37.13;15.55
28.08;36.46;17.90
26.86;34.92;18.57
23.88;31.66;17.03
24.96;33.45;15.49
24.02;31.71;15.75
24.05;33.32;15.08
25.79;35.92;15.35
25.72;31.32;20.17
26.07;34.99;18.70
27.21;35.06;18.64
25.49;35.66;15.82
23.45;34.05;12.89
21.28;27.97;15.75
19.72;26.97;13.22
21.79;31.32;11.35
21.42;26.63;15.55
21.93;27.70;16.22
24.48;31.38;15.55
21.96;28.78;15.76
23.27;33.52;14.09
25.67;36.06;16.09
27.13;35.46;17.36
26.62;33.92;18.17
25.15;32.32;18.10
24.93;36.06;13.83
27.00;38.00;15.29
26.95;35.19;15.96
24.35;33.73;15.96
24.57;33.32;13.88
24.32;34.12;12.82
22.75;32.58;12.96
22.77;28.98;0.00
20.68;26.77;14.95
22.91;30.65;15.42
23.07;32.31;14.62
23.57;33.12;15.02
23.84;32.19;14.56
21.40;25.04;17.90
19.30;24.63;13.34
17.40;26.77;8.14
18.77;29.31;9.61
19.90;31.78;9.27
21.75;32.98;12.49
23.78;33.18;15.16
22.26;32.32;11.21
22.41;33.52;12.02
21.33;25.52;16.36
18.13;24.36;14.68
17.87;23.43;14.22
18.19;26.24;12.09
16.38;20.56;12.56
17.55;25.70;11.55
18.71;27.17;12.09
18.79;23.77;13.62
19.78;25.10;13.16
16.51;22.36;8.74
13.65;21.50;5.67
14.32;23.24;6.14
15.51;25.23;5.80
15.86;26.63;5.94
16.71;26.37;6.74
15.95;26.11;7.14
15.71;26.57;6.34
14.52;20.23;7.61
15.99;21.43;9.67
12.60;22.36;4.73
14.07;24.63;5.33
18.27;25.37;12.22
18.68;25.30;14.89
15.79;19.44;12.42
13.12;18.08;10.14
12.60;16.88;8.80
13.84;18.56;8.94
14.05;21.50;7.40
13.65;21.70;6.14
10.75;19.55;3.73
9.89;18.42;2.80
10.39;17.61;2.86
8.04;17.95;0.52
8.24;20.43;-0.29
9.23;21.90;0.45
9.72;21.49;1.12
9.74;19.69;1.25
11.16;20.63;4.59
12.30;22.03;2.80
13.63;16.88;5.13
7.44;21.36;-2.89
7.85;21.16;-1.82
10.49;21.63;3.26
15.64;21.77;3.26
10.50;11.75;9.41
11.79;14.48;8.80
13.39;17.42;8.87
13.35;18.95;8.34
10.67;22.36;2.46
12.50;22.16;6.40
11.84;21.23;4.66
10.09;18.96;2.99
9.24;15.42;3.86
8.55;12.55;3.20
11.12;13.88;8.67
9.59;13.54;3.86
7.10;15.75;-0.42
7.43;14.08;2.33
7.82;13.28;1.86
8.96;11.81;4.12
8.21;12.48;1.39
5.97;12.48;-0.75
7.47;12.14;3.93
7.13;12.87;1.25
5.94;11.87;0.65
9.64;13.08;7.74
8.65;12.54;5.20
7.36;12.07;2.26
4.19;11.54;-1.56
5.04;12.94;-1.69
3.18;11.47;-2.49
2.58;8.87;-3.43
1.60;7.00;-2.62
1.08;9.07;-5.03
-0.56;2.72;-4.70
4.26;8.13;2.25
4.49;7.20;2.52
3.61;7.20;0.38
2.82;7.13;-3.43
-0.54;5.52;-5.77
3.99;6.13;1.45
12.09;17.77;5.46
12.21;13.56;8.67
12.53;14.42;9.20
11.11;14.95;8.41
10.90;17.15;6.00
8.11;11.94;5.33
6.94;13.07;3.99
9.53;14.55;6.40
8.30;14.01;0.72
2.86;7.46;-1.49
-1.18;5.65;-6.17
-2.01;6.39;-8.11
0.57;7.19;-5.90
6.43;11.41;3.79
6.24;9.61;3.92
8.40;12.15;5.06
10.00;11.54;8.27
6.93;11.54;8.27
2.83;6.80;-1.42
1.37;7.26;-3.09
-0.67;7.59;-6.10
-0.46;7.79;-6.10
2.28;9.20;-2.03
5.52;13.21;-0.22
4.11;8.41;-0.15
7.56;11.28;4.06
8.02;13.07;4.12
8.73;12.48;4.26
3.01;8.53;-2.22
6.25;7.60;4.20
8.45;10.68;7.20
11.88;15.63;8.41
11.05;12.75;9.74
9.83;12.82;7.94
8.29;10.34;6.66
6.29;7.33;4.13
10.63;15.35;6.20
7.54;16.21;1.05
6.10;13.01;2.06
5.53;15.08;-0.69
5.73;15.34;-0.02
5.29;14.67;-1.02
4.06;5.99;-0.15
6.57;12.61;2.59
5.63;10.81;2.25
5.86;12.41;0.72
1.62;6.60;-3.36
0.06;7.06;-5.10
-0.91;5.52;-6.24
-0.15;8.46;-5.24
-0.02;9.46;-5.57
0.24;8.93;-4.90
2.70;6.13;-0.62
5.49;9.34;3.46
4.32;8.87;1.72
2.91;6.26;-0.02
2.58;7.72;-1.69
2.58;7.72;-1.69
3.24;12.14;-4.43
3.59;14.61;-4.03
4.17;15.88;-3.56
5.60;19.83;-2.56
6.16;18.96;-1.49
5.66;18.49;-2.89
4.80;15.88;-3.56
4.43;15.14;-3.03
5.18;15.42;-2.69
5.04;14.75;-2.49
5.98;15.21;-2.82
7.12;13.22;1.65
6.22;9.87;1.32
6.38;9.27;3.93
5.41;8.34;2.19
6.43;10.74;2.86
6.11;12.07;-0.95
8.10;9.94;6.14
9.17;14.75;5.40
10.27;13.28;3.45
11.58;16.21;5.27
10.54;18.83;3.26
10.24;19.49;1.32
10.34;21.10;0.65
11.10;21.03;1.59
8.59;13.41;3.27
4.95;10.81;-2.29
5.43;9.54;0.39
5.93;8.68;0.11
2.05;8.53;-3.49
3.44;6.87;0.38
6.47;11.68;1.05
6.28;14.20;0.25
14.28;18.00;0.25
9.71;14.04;3.11
9.98;15.05;2.78
13.84;18.87;2.78
6.85;12.38;2.50
9.68;13.98;6.20
10.03;14.12;7.21
10.44;15.19;4.52
9.95;13.12;8.15
9.65;11.85;8.08
10.81;17.00;3.05
10.43;21.08;1.76
11.79;21.14;1.56
11.08;21.62;0.89
10.71;17.19;0.95
10.05;14.45;4.45
9.39;13.26;2.91
10.26;13.00;7.95
11.59;16.14;8.69
13.11;18.94;7.75
10.15;14.81;6.34
10.43;14.59;4.18
12.96;17.87;5.93
14.03;19.48;7.22
12.87;22.36;3.92
15.58;26.11;5.26
14.73;21.97;8.02
13.04;19.29;9.23
15.36;22.82;9.36
16.84;26.59;7.28
17.10;26.45;8.36
16.87;27.58;7.07
17.35;28.86;7.35
17.85;28.93;6.20
16.52;25.58;7.56
15.74;24.02;6.54
15.52;24.50;7.48
16.07;26.97;6.61
16.28;27.31;4.12
14.49;22.56;5.40
14.77;21.82;8.16
14.80;23.10;5.20
15.38;23.37;3.92
15.86;21.55;9.49
15.69;21.57;12.65
13.67;20.22;9.83
10.97;14.52;9.09
12.07;17.47;9.22
13.86;19.81;7.95
14.67;20.68;8.16
14.63;20.42;9.29
15.17;23.91;7.41
16.13;24.36;6.95
14.45;20.62;8.70
13.57;17.20;11.51
15.14;20.69;11.31
15.41;22.14;10.63
16.00;22.58;8.49
15.63;22.97;8.02
16.19;24.38;6.34
18.81;24.18;14.27
14.30;17.81;11.18
14.72;21.08;8.08
17.36;26.86;7.95
18.82;26.79;10.24
18.77;27.72;9.70
19.78;23.82;9.70
20.13;26.65;12.38
16.88;27.71;10.44
14.18;21.89;6.20
16.65;24.43;8.56
17.19;24.88;9.23
17.84;24.63;11.05
14.78;18.67;10.91
20.45;24.70;10.91
19.04;27.11;9.37
19.55;27.64;12.05
20.37;28.91;11.38
21.99;31.46;12.26
21.91;31.67;12.86
21.48;28.52;13.33
18.19;25.24;13.86
20.03;27.85;11.85
21.51;28.05;15.21
18.36;24.58;15.28
18.18;23.82;12.12
15.13;21.37;9.16
15.91;22.49;8.49
16.84;23.64;10.03
17.39;24.30;10.17
19.33;26.65;10.71
16.17;20.08;13.93
14.72;18.81;12.17
16.87;22.56;10.90
17.14;23.44;8.83
17.31;24.65;8.70
18.92;27.18;11.38
21.23;29.80;11.72
22.99;30.40;16.15
21.62;30.59;11.86
22.33;32.21;11.66
22.80;29.53;13.53
22.54;29.67;11.52
21.41;29.06;13.00
21.45;32.68;10.52
23.98;33.73;13.68
29.63;34.81;13.68
24.79;31.94;14.34
22.81;31.94;10.99
23.80;33.27;15.21
25.79;35.40;14.94
28.23;37.08;19.23
28.71;36.15;18.50
27.33;35.35;16.09
25.85;33.75;18.56
24.31;34.28;15.74
25.71;34.82;16.89
25.17;34.82;14.74
24.31;30.34;16.81
23.49;31.40;14.20
25.01;33.41;13.33
24.91;31.60;14.81
22.38;29.67;12.86
20.55;29.59;9.17
23.25;30.93;12.46
24.49;33.02;12.80
23.91;34.27;11.87
21.95;31.13;12.53
20.46;26.18;13.73
20.10;28.25;9.48
22.42;31.67;12.67
24.46;33.22;12.46
25.30;30.07;17.83
22.18;30.14;12.26
23.51;28.05;18.82
21.78;30.93;12.79
23.49;33.29;11.25
23.62;31.61;16.08
23.51;32.00;15.48
21.83;30.05;10.84
22.76;31.22;12.26
25.07;35.15;14.61
24.47;32.68;17.36
24.94;33.27;17.29
26.22;34.74;16.62
27.61;34.76;17.48
26.06;34.00;16.95
25.92;32.90;15.82
22.60;27.94;15.62
22.20;31.40;12.32
24.30;34.53;14.01
24.71;32.67;15.21
24.75;32.13;15.89
25.76;32.21;19.64
24.09;32.99;13.88
24.10;33.27;16.41
24.56;34.13;15.89
26.77;35.74;17.29
25.84;33.92;17.22
23.78;32.07;17.15
25.51;33.22;16.15
25.22;34.81;14.81
25.07;36.15;14.08
25.56;35.01;16.02
25.37;34.95;16.15
27.38;37.28;17.36
28.38;37.61;18.16
27.63;36.42;18.37
23.02;28.39;18.42
22.83;31.60;12.80
23.63;30.99;17.36
28.06;30.99;0.00
21.43;25.91;12.86
17.95;29.06;6.75
21.60;31.46;12.59
21.78;31.53;10.31
21.54;31.33;10.05
21.77;27.26;15.28
21.29;28.86;14.00
19.68;25.31;12.86
17.87;22.43;14.93
19.91;27.51;10.91
19.55;28.66;9.91
21.02;31.40;11.18
21.46;33.74;10.65
22.01;33.80;10.25
21.87;34.95;10.18
22.22;32.14;10.71
21.62;28.93;14.67
20.56;32.54;10.19
22.49;34.47;12.32
23.86;32.92;14.55
23.90;32.46;14.61
22.31;31.73;13.47
21.86;30.59;11.86
19.65;25.91;11.38
15.87;25.17;4.73
17.20;30.46;7.09
19.04;30.52;9.16
18.84;29.98;9.04
19.97;28.72;11.52
19.54;26.45;12.79
16.01;27.98;5.20
17.77;29.91;7.76
18.73;29.78;9.10
17.60;26.05;8.36
23.55;28.18;8.36
19.03;27.31;11.45
19.50;26.97;10.03
17.52;26.51;9.57
17.07;29.53;6.14
18.11;30.66;8.97
17.48;30.59;5.00
18.13;31.33;7.29
17.42;22.49;12.06
15.09;23.69;5.13
15.83;25.91;5.67
16.14;28.65;5.67
16.59;30.99;5.26
17.54;32.00;5.94
17.22;31.80;5.67
16.94;30.18;5.87
15.41;26.43;7.02
14.56;26.90;5.87
13.34;23.55;5.54
12.67;24.23;4.06
13.74;25.10;3.79
13.39;19.79;7.15
10.50;21.14;2.38
12.62;22.61;3.92
14.81;21.36;8.69
13.53;16.34;10.57
10.68;15.19;6.68
11.47;15.87;5.53
12.28;15.60;9.45
11.84;17.59;7.08
12.00;20.00;6.14
13.01;21.28;7.15
13.06;21.55;6.14
14.72;20.02;11.04
14.31;18.36;9.84
12.19;15.47;6.94
9.93;12.59;8.09
9.92;11.92;7.95
10.52;13.64;7.81
10.90;13.25;8.88
9.62;16.13;4.39
9.38;13.91;4.32
13.08;17.20;10.30
12.75;20.16;7.55
13.85;21.42;6.80
14.21;18.35;9.43
12.03;16.08;6.61
8.55;11.71;4.39
8.64;13.37;4.72
8.55;14.18;3.38
10.04;15.32;4.38
11.91;15.19;9.90
11.61;13.53;9.56
11.62;16.00;9.49
10.67;12.25;9.56
11.91;16.81;6.21
8.94;16.65;4.26
8.36;17.12;2.04
6.81;15.04;1.30
5.37;14.65;-0.46
4.87;13.77;-0.60
4.99;14.85;-0.80
5.40;14.25;-0.19
5.59;12.90;-0.53
7.95;10.36;2.98
4.30;10.36;0.42
4.04;11.02;-1.19
6.25;14.05;-1.19
7.64;15.74;1.56
3.94;10.69;-0.53
4.38;14.10;-2.00
3.35;9.96;-0.73
3.81;4.99;2.72
5.49;8.41;3.17
7.29;9.97;2.90
9.22;12.24;6.82
11.01;14.86;8.29
7.91;12.52;4.59
9.60;12.93;6.28
4.61;10.42;-0.72
2.66;9.08;-3.14
1.90;9.95;-4.30
1.26;10.02;-4.09
4.73;15.40;-2.34
4.16;15.24;-2.21
3.04;14.05;-3.55
5.64;12.44;0.62
3.09;13.71;-3.35
2.50;12.42;-3.55
2.03;12.36;-4.09
1.95;11.70;-4.70
3.71;11.15;-3.16
1.19;10.48;-5.11
2.93;12.90;-2.82
3.99;12.84;-3.36
8.53;12.91;0.01
2.70;11.69;-3.22
2.74;13.30;-4.30
2.91;13.64;-3.82
6.40;15.90;-1.87
4.43;15.04;-3.08
2.87;14.84;-3.14
2.76;15.05;-5.11
2.73;12.76;-4.50
3.19;13.45;-3.43
1.90;10.14;-5.24
3.06;8.14;-1.53
1.27;10.82;-4.57
0.88;4.85;-3.83
4.42;5.74;2.70
4.99;11.56;-0.39
2.63;11.82;-3.36
4.86;13.77;-1.12
5.69;15.45;-1.20
5.89;15.65;-1.94
5.04;15.51;-1.87
5.35;14.04;-1.19
5.37;15.85;-0.93
3.65;14.18;-3.62
2.17;10.08;-2.88
4.79;9.83;-1.14
5.18;11.55;-0.53
5.46;9.42;-0.06
2.13;10.75;-5.44
2.51;12.90;-5.37
3.31;12.10;-5.44
1.55;5.13;-0.93
0.29;4.78;-1.94
0.98;5.72;-3.69
4.92;10.03;-1.54
8.50;13.99;3.71
6.27;9.30;0.28
1.01;5.92;-3.82
0.18;10.69;-6.93
0.93;10.36;-7.74
-0.20;8.40;-9.02
-0.85;7.19;-9.62
1.22;8.88;-9.15
3.65;11.51;-1.61
3.16;12.50;-6.66
4.30;12.85;-4.77
3.93;13.97;-3.48
3.43;13.57;-5.77
4.70;15.17;-4.70
4.74;12.83;-3.96
2.17;13.64;-7.46
3.29;15.92;-6.25
4.37;17.87;-6.72
6.00;19.21;-4.16
7.07;20.15;-4.23
10.44;21.61;0.22
9.19;19.47;0.89
9.27;20.54;-0.65
9.27;20.54;-0.65
10.78;20.40;-0.46
8.33;12.62;0.76
10.16;16.19;2.71
10.57;17.22;5.40
7.90;15.38;-0.72
7.04;14.55;-2.27
6.15;14.72;-4.09
8.13;17.88;-3.35
9.95;23.10;-2.61
8.75;17.25;-1.40
10.63;21.41;0.22
11.51;23.35;1.16
11.67;23.75;0.83
12.84;25.76;0.96
13.74;25.24;3.32
12.91;19.54;5.53
10.64;17.35;1.77
8.86;14.65;2.58
6.88;14.71;-1.73
7.05;12.64;-0.45
4.74;6.60;1.88
7.53;15.38;0.22
10.61;19.75;1.63
11.65;21.14;2.91
12.10;23.28;1.50
12.62;21.41;2.65
12.58;21.01;2.57
13.02;22.68;2.31
13.03;22.74;2.04
13.35;23.50;2.71
13.09;21.01;5.14
14.86;22.88;6.62
13.65;20.33;6.74
12.32;18.40;10.16
10.65;12.65;9.83
9.94;14.39;7.95
7.07;11.03;2.29
7.53;12.53;3.38
9.31;19.21;-0.66
12.80;22.63;2.24
14.02;18.21;10.97
11.98;17.25;5.39
11.50;15.04;5.39
9.99;14.99;4.18
9.21;14.93;5.73
8.53;13.71;2.03
8.34;12.77;4.99
11.19;19.75;-0.99
10.71;14.12;7.41
10.96;16.27;7.75
12.96;18.01;7.74
13.98;19.36;8.36
13.50;19.07;7.01
12.01;19.48;2.78
12.23;17.32;7.48
13.02;18.96;7.82
12.66;18.00;9.09
12.57;20.42;5.86
9.33;11.04;6.27
7.87;12.65;5.86
8.70;14.33;4.99
9.23;14.11;3.79
10.81;18.34;2.98
11.20;17.81;3.85
11.40;15.86;8.88
11.46;15.86;8.55
13.01;18.46;9.02
13.55;19.41;4.99
17.31;23.16;13.06
18.05;26.63;8.08
21.25;30.72;10.51
23.14;32.81;12.26
23.19;33.40;14.07
23.62;32.75;13.93
22.45;31.26;11.85
20.43;28.39;11.92
19.78;29.40;9.58
21.85;28.86;15.28
21.36;26.79;13.94
15.56;19.75;11.11
11.39;16.73;7.28
11.56;18.28;4.66
15.33;24.36;4.13
19.10;28.92;8.30
21.05;30.52;10.31
22.52;30.79;11.25
19.26;24.97;13.07
18.54;26.90;7.83
21.19;29.37;10.85
21.35;29.40;11.18
21.56;31.20;11.18
24.53;34.07;10.90
24.80;34.27;13.40
23.06;30.32;14.07
22.15;27.58;14.14
21.68;29.93;10.37
23.73;31.60;12.65
23.40;30.06;15.08
22.27;26.18;17.34
18.76;23.98;11.51
19.41;26.90;8.37
23.01;28.93;15.53
20.43;25.78;13.19
17.70;23.56;10.50
18.91;27.37;8.23
22.87;30.19;12.86
23.88;30.93;16.42
23.00;31.06;11.66
23.72;31.73;12.20
23.87;30.73;14.34
20.94;25.58;15.13
21.59;29.87;12.59
23.34;29.19;16.88
22.37;31.53;11.05
24.28;34.14;13.87
25.69;36.48;13.27
28.00;37.08;18.71
28.67;38.36;17.62
28.64;37.28;19.03
28.62;35.55;20.50
24.80;30.66;19.18
21.49;26.90;15.55
20.64;26.30;14.60
20.27;30.18;9.17
23.95;33.14;12.13
23.99;31.66;13.46
21.35;28.72;12.46
22.07;30.32;10.58
23.84;32.20;11.99
23.35;32.14;11.59
23.87;32.41;11.85
23.73;30.86;14.22
22.01;31.40;10.85
23.08;32.52;11.05
24.99;35.28;10.85
23.13;31.46;14.01
22.15;31.13;11.33
24.61;33.32;17.35
26.40;36.00;16.89
26.99;36.74;15.55
26.70;37.80;14.00
25.74;35.46;12.86
26.43;34.04;16.54
25.75;34.45;15.35
24.93;34.99;13.68
25.71;34.45;16.15
27.06;35.19;17.02
25.14;35.19;17.75
22.40;31.51;16.61
22.60;30.59;14.81
23.64;32.65;14.27
24.70;35.40;13.40
25.40;36.81;13.13
24.95;34.81;13.81
23.85;34.74;10.72
25.04;35.00;13.40
24.37;33.33;12.53
21.70;29.44;12.12
20.23;28.79;12.32
24.46;33.40;14.15
25.82;34.74;15.74
27.62;39.02;16.35
28.35;40.75;17.63
28.94;39.09;17.29
24.83;32.45;15.28
23.18;31.80;12.06
25.47;32.38;16.55
22.35;26.59;16.88
23.34;32.32;14.67
26.55;38.74;15.41
29.07;37.67;17.22
29.04;34.87;21.77
27.61;37.40;18.49
27.18;37.54;16.69
27.16;37.60;15.08
26.31;34.73;15.35
23.95;31.33;14.22
23.69;30.52;14.81
21.62;31.72;13.47
24.07;33.19;12.99
24.10;32.86;13.67
24.93;31.80;15.20
22.67;30.66;16.54
19.15;26.50;11.85
17.89;26.09;7.09
18.29;25.96;9.43
20.06;27.78;12.04
20.34;27.55;12.66
21.09;30.66;13.34
21.99;31.46;13.13
23.15;31.71;13.40
22.76;31.85;13.06
21.14;29.91;12.79
21.28;28.70;14.34
20.00;30.05;9.97
22.71;42.00;10.78
19.68;25.57;12.99
18.97;30.93;7.82
20.50;33.33;10.17
21.59;33.60;7.55
24.05;30.52;7.55
22.85;30.13;7.55
22.75;30.63;14.07
22.92;29.17;15.21
21.64;29.24;14.06
21.21;30.05;13.40
19.30;28.59;12.25
17.80;22.36;14.27
15.70;19.07;11.38
13.84;19.27;8.22
13.37;17.61;7.28
14.71;16.61;12.98
14.93;20.15;9.56
12.41;19.19;5.67
13.38;21.88;5.74
14.15;23.22;6.95
14.93;24.16;6.61
15.25;25.56;7.28
15.61;26.50;6.67
15.57;23.82;7.01
18.00;27.55;10.24
19.03;28.18;10.91
19.26;28.57;10.10
20.34;26.70;12.92
19.34;23.69;17.02
16.35;20.49;12.31
15.03;21.75;8.89
13.68;19.55;8.82
11.18;17.05;4.46
10.17;19.68;2.71
12.79;23.01;3.05
16.68;21.30;12.91
12.26;13.78;10.77
13.25;17.72;10.97
11.31;12.99;7.29
11.02;18.94;6.95
13.30;21.80;7.68
13.50;19.75;8.62
14.40;17.73;11.57
14.59;17.74;11.57
11.85;20.10;5.73
6.41;12.90;0.56
4.55;13.10;-1.94
4.55;13.10;-1.94
9.10;11.96;-1.94
10.54;15.19;5.19
11.94;15.53;7.95
11.06;12.65;9.29
11.06;12.65;9.29
9.62;13.98;9.29
8.38;14.52;4.11
6.96;11.57;2.84
11.75;12.79;2.84
12.70;15.67;10.50
10.07;13.59;7.89
8.04;12.37;3.64
7.90;15.04;2.11
8.55;17.66;-0.26
12.53;20.42;5.12
11.81;17.61;6.27
11.67;17.55;8.48
11.30;13.32;6.87
9.42;16.81;4.59
7.86;15.65;1.83
7.86;11.97;2.64
9.35;14.18;6.20
7.87;15.31;3.38
8.21;15.39;2.57
8.85;15.05;5.26
10.63;15.40;8.02
9.43;12.37;4.26
3.48;10.09;-1.53
3.22;10.70;-3.42
5.11;9.82;-0.52
4.40;8.35;0.14
1.52;10.03;-4.83
0.43;9.81;-6.32
2.11;10.75;-5.11
7.00;13.91;-0.12
5.14;10.96;-2.41
2.35;9.01;-3.83
5.42;8.61;2.84
6.11;11.43;-2.21
0.75;9.94;-5.11
-0.31;6.86;-4.77
1.31;10.41;-4.16
1.36;9.21;-4.16
3.34;8.08;-2.88
10.61;13.26;7.35
11.45;13.26;10.10
10.63;13.05;7.29
10.23;14.59;1.36
6.11;8.48;1.16
8.49;10.84;7.07
10.45;14.27;7.68
10.81;13.59;8.89
10.40;11.78;8.61
9.37;14.45;3.72
5.96;15.25;-0.60
6.85;12.79;3.18
4.98;11.76;-1.06
0.33;5.52;-2.81
2.42;12.69;-3.50
0.79;5.32;-3.90
2.76;3.78;1.83
4.62;9.21;-0.60
4.78;11.37;-0.32
3.20;11.95;-2.20
1.93;11.82;-4.16
1.48;11.10;-4.57
1.02;10.75;-5.51
1.12;3.84;-4.23
1.19;3.31;0.48
2.85;5.12;0.55
5.69;11.63;2.71
6.90;9.82;4.86
7.74;11.98;2.75
5.12;8.28;2.57
5.37;10.03;-0.93
6.49;11.03;1.30
7.22;10.13;4.99
8.88;12.93;2.91
11.13;13.12;7.69
8.16;10.78;4.79
5.86;8.68;3.11
5.93;8.94;1.64
2.71;4.79;0.56
4.28;7.41;-1.19
7.56;11.98;0.49
4.26;10.23;-1.53
5.42;17.28;-1.53
5.54;10.10;-0.85
-1.61;10.36;-0.85
-4.17;9.33;-0.85
4.62;14.11;-1.94
5.51;15.04;-1.53
6.13;13.93;-1.73
6.76;10.18;2.84
6.25;10.09;2.18
4.75;14.58;-3.48
6.32;15.51;-2.07
7.14;11.83;2.98
4.43;9.75;-0.65
4.36;11.50;-1.74
5.04;10.89;-1.40
3.94;10.51;-3.28
4.87;8.27;1.83
4.63;11.16;-3.55
6.89;15.51;-0.39
5.77;14.99;-1.87
5.90;15.45;-1.80
5.14;13.91;-2.28
5.52;11.17;-1.33
8.40;13.31;3.84
8.81;11.78;3.79
9.63;13.50;7.21
8.31;10.85;6.34
8.24;12.44;5.26
3.25;6.01;-1.80
2.58;8.80;-2.87
3.69;8.20;0.22
3.19;9.82;-4.30
4.11;6.60;1.50
4.09;5.54;2.03
6.37;12.76;0.02
5.12;14.18;-4.02
9.14;14.25;3.11
8.25;13.47;2.84
9.55;14.26;7.48
10.50;15.27;6.20
11.89;15.42;9.76
9.24;11.31;7.82
9.65;14.18;6.47
8.10;12.10;5.73
8.23;12.24;4.86
7.80;11.97;3.86
4.49;7.47;1.50
5.14;10.30;-2.33
5.69;12.49;-3.55
7.62;10.50;4.73
8.15;11.72;5.26
7.99;13.05;1.90
6.20;12.57;-0.18
8.70;14.32;3.04
8.06;15.33;-0.32
7.52;12.39;1.30
8.60;14.18;3.11
9.23;13.10;6.54
8.64;11.92;4.26
11.67;14.68;9.43
11.78;16.21;8.76
12.54;16.07;9.50
11.80;15.69;9.23
12.59;16.54;9.03
10.52;15.19;6.81
9.77;13.46;5.74
8.89;14.74;4.60
7.52;15.06;1.57
9.37;14.26;6.20
6.89;9.96;1.30
5.25;10.88;-1.46
6.21;13.39;-2.34
10.95;15.60;7.49
10.35;14.25;5.94
12.68;16.81;8.29
12.71;16.54;9.37
10.44;16.40;5.48
11.49;22.24;1.71
16.29;25.37;4.93
15.98;23.69;7.09
16.22;24.97;6.82
17.23;26.99;7.02
17.25;26.64;6.35
14.47;18.53;0.00
10.94;19.88;3.26
12.22;21.14;2.32
13.57;20.02;6.34
12.48;21.03;4.40
13.47;22.35;2.98
13.82;20.64;3.99
14.76;19.61;9.50
9.25;13.84;5.19
5.94;8.22;3.65
6.89;11.72;2.84
8.76;13.99;5.66
9.43;14.92;4.73
9.92;17.20;1.90
11.87;19.00;3.18
13.37;21.42;4.86
14.67;23.82;4.06
15.85;23.84;6.14
18.13;23.03;12.86
18.56;24.72;13.81
17.96;24.64;12.59
17.66;24.77;10.85
16.71;24.97;7.35
16.50;25.44;7.76
17.80;26.37;7.69
15.51;22.77;10.90
10.32;12.53;4.47
9.11;14.32;2.92
7.84;9.89;6.14
8.67;13.20;5.53
9.26;14.72;4.06
9.04;16.00;1.83
11.81;18.28;3.59
15.20;23.10;6.01
14.38;23.57;4.33
14.49;24.10;5.68
15.68;25.64;3.53
14.61;23.23;6.75
13.40;20.69;6.41
14.59;19.41;9.37
12.12;18.42;5.80
12.59;20.29;3.99
13.51;20.62;4.53
15.27;24.30;4.87
16.47;24.04;7.35
17.42;26.05;8.36
19.34;28.59;7.69
20.60;29.47;10.72
20.12;25.51;14.60
15.78;19.27;10.92
14.35;19.23;9.57
14.96;21.16;10.18
18.08;24.90;10.78
20.77;28.59;13.00
23.30;32.27;12.46
25.00;33.47;14.07
24.95;33.01;14.88
23.85;33.88;12.06
24.68;34.62;12.47
19.83;24.57;14.81
15.29;20.42;10.78
14.63;19.16;7.35
18.39;26.72;8.16
19.85;28.26;12.13
21.61;30.81;10.92
23.18;33.22;12.53
21.31;31.33;9.57
23.11;32.41;11.25
23.73;32.00;14.67
23.58;31.87;14.88
23.29;31.33;14.67
24.11;32.95;15.14
24.49;33.81;14.34
25.40;34.08;14.87
25.46;32.95;18.50
25.98;34.55;13.47
27.93;36.43;19.37
28.69;36.43;19.72
27.87;35.96;17.83
27.38;36.63;16.56
27.45;36.96;16.77
27.05;36.02;17.09
25.56;34.95;15.48
26.28;34.88;17.76
27.47;35.48;17.90
25.77;33.75;15.88
25.10;32.81;15.08
25.54;32.95;16.75
26.00;34.07;17.42
26.23;34.47;17.17
25.33;34.20;17.03
25.80;34.81;15.48
27.08;35.14;17.16
23.89;32.41;15.68
24.48;33.67;14.67
26.24;33.47;17.57
25.44;35.08;13.88
26.66;36.01;14.21
26.96;34.61;17.08
21.47;24.30;17.49
20.71;25.98;14.08
19.91;29.53;9.11
22.95;34.20;12.06
27.42;37.02;15.22
28.05;37.63;15.15
27.75;34.34;18.76
24.80;33.95;14.81
23.00;34.95;9.85
25.22;34.95;11.59
25.00;31.87;14.02
23.16;29.86;15.53
20.74;28.93;11.12
22.76;33.29;11.93
26.11;35.75;14.14
26.57;37.15;14.54
26.53;35.95;17.02
25.95;34.14;17.16
26.67;35.35;17.76
26.50;35.04;17.29
26.34;35.21;18.17
26.04;34.54;17.15
25.47;34.95;15.75
27.05;36.74;15.35
27.28;36.55;19.44
27.24;37.14;16.41
24.85;35.49;14.68
23.40;34.47;12.73
24.28;33.60;14.61
23.93;31.94;16.95
23.48;30.79;17.29
23.19;30.79;15.48
21.10;28.11;17.22
19.32;27.37;14.47
20.96;28.97;13.54
21.12;30.27;11.99
22.19;31.46;14.94
22.75;31.67;13.80
22.34;32.60;12.86
23.23;31.87;12.80
22.12;29.44;14.81
20.85;28.66;14.66
19.81;27.18;13.20
19.71;27.51;13.93
19.21;28.50;11.11
20.97;29.98;10.57
17.24;24.36;12.11
17.19;26.84;8.76
19.17;29.11;10.57
19.54;29.98;10.18
20.57;29.91;10.71
19.97;30.79;10.24
20.04;29.58;11.05
20.22;28.90;12.12
20.57;29.72;10.84
20.41;29.71;11.11
21.01;29.78;14.60
20.21;30.99;11.18
20.73;30.93;11.24
20.26;30.98;10.64
20.92;30.39;11.51
21.60;30.72;11.51
21.49;26.25;16.08
18.24;23.17;14.40
17.27;21.16;14.27
18.32;21.57;15.87
20.15;24.43;16.08
19.01;25.37;12.99
19.97;24.79;15.68
18.62;23.36;11.85
15.73;24.29;8.36
16.21;23.89;8.90
14.88;24.70;7.35
14.73;25.01;5.60
15.70;25.16;9.71
15.20;25.53;5.94
14.30;24.03;4.87
13.24;21.75;5.40
12.77;18.80;6.47
13.82;22.22;4.59
16.41;22.29;9.64
15.06;23.48;9.31
16.34;25.89;8.63
15.45;25.97;6.14
16.80;22.22;12.20
15.45;20.35;8.97
13.12;21.28;6.81
13.77;15.68;8.29
14.57;19.43;10.24
15.46;20.04;10.37
15.16;18.08;13.59
15.03;19.68;11.31
12.92;20.62;7.48
13.35;20.35;7.02
10.02;14.79;4.47
8.17;16.05;1.30
7.15;18.35;0.22
8.90;17.67;1.50
10.87;17.94;4.05
11.21;17.34;6.27
12.25;14.74;9.97
17.45;22.02;13.06
13.39;22.02;6.20
13.13;16.61;10.71
11.64;15.67;7.35
10.03;16.00;3.25
10.07;18.19;4.52
11.37;20.67;2.78
12.20;21.42;4.32
12.88;18.49;7.21
9.88;17.67;2.91
7.83;12.37;0.96
2.98;7.21;0.41
3.74;6.26;1.36
5.92;11.04;1.43
7.08;13.59;-0.26
4.90;9.54;-0.65
4.96;11.09;-1.80
5.38;10.63;-0.86
4.21;10.62;-3.14
4.74;11.57;-2.28
3.94;13.64;-3.62
2.65;11.24;-5.23
4.16;11.43;-1.60
3.09;9.67;-3.42
0.77;10.69;-6.32
1.91;9.77;-5.71
3.81;12.58;-3.75
0.89;10.75;-6.99
3.18;14.18;-2.48
3.28;15.31;-4.16
2.91;15.12;-4.57
3.20;14.99;-4.84
1.36;13.64;-6.59
0.42;12.56;-7.06
-0.02;9.94;-6.86
1.44;12.29;-4.63
1.90;12.37;-6.18
1.69;11.43;-5.79
2.56;8.68;-3.89
4.15;12.90;-1.61
3.96;14.04;-2.21
4.95;15.99;-1.53
2.87;9.56;-2.07
5.74;9.09;1.49
7.37;9.63;4.19
4.83;9.35;-2.41
1.25;8.94;-3.69
1.48;10.68;-3.69
3.45;10.09;-3.09
7.84;11.06;4.79
7.30;10.31;3.25
6.06;10.03;2.04
9.98;12.73;7.49
7.92;10.10;4.06
1.91;8.93;-3.01
1.79;7.40;-3.28
4.69;7.68;0.89
8.18;9.77;6.27
10.34;12.46;8.62
11.19;12.79;10.30
7.93;10.78;3.18
6.04;8.42;3.38
9.12;11.71;5.93
9.13;13.84;4.19
6.46;13.99;0.89
6.50;15.20;1.23
7.24;14.54;1.77
7.03;13.71;1.50
4.78;8.68;-0.53
7.65;10.50;4.33
8.46;12.39;4.20
8.06;9.97;4.86
7.57;9.36;3.59
6.01;8.76;2.10
6.18;9.15;4.12
4.57;8.35;2.30
5.29;9.96;1.23
4.28;9.76;-2.27
7.61;12.51;4.86
6.45;10.90;0.62
6.04;14.14;-1.73
9.87;15.99;3.85
8.84;16.34;0.56
8.85;12.39;6.07
5.96;8.02;2.64
5.37;8.47;0.76
4.85;9.69;-1.53
8.39;12.25;5.20
8.66;12.71;1.50
2.40;9.21;-3.55
1.85;8.01;-3.35
5.41;7.89;0.83
8.72;11.84;6.75
10.35;15.82;7.15
6.84;9.56;3.66
8.54;11.38;5.33
4.43;8.24;2.50
6.08;8.41;2.32
3.42;5.06;1.16
4.82;7.35;3.04
10.99;16.88;4.38
12.45;15.88;9.83
7.38;10.65;5.40
5.69;10.83;1.16
3.82;10.95;-1.40
5.93;11.23;1.77
5.31;13.71;-1.86
5.89;11.85;-1.60
7.88;11.43;0.62
4.59;12.37;-2.80
5.96;14.72;-1.26
7.58;10.30;4.87
7.34;11.44;3.72
7.08;12.04;1.37
6.04;11.24;1.10
9.91;14.94;5.41
9.49;12.54;6.27
12.47;17.28;9.03
9.28;12.37;6.61
9.01;12.85;4.40
10.77;17.86;4.47
10.53;21.41;0.83
9.56;18.48;1.64
9.99;19.88;1.23
9.09;18.26;0.36
8.98;19.81;-1.60
10.65;18.74;1.71
9.19;17.81;0.49
6.86;13.30;-0.45
7.15;16.81;0.42
10.32;20.56;0.50
12.25;24.45;1.37
11.98;22.76;1.16
13.61;23.84;2.38
14.07;21.30;7.36
13.42;21.89;5.13
12.96;19.09;6.82
12.35;16.41;7.96
7.82;13.17;1.10
7.09;13.39;-1.80
8.30;14.00;3.66
7.76;13.32;3.04
5.76;12.71;-2.40
9.25;15.26;1.84
8.65;13.61;6.34
9.29;13.79;6.28
10.74;15.40;6.55
13.84;19.70;7.22
10.73;14.01;7.48
10.67;15.06;6.81
11.35;16.47;5.40
13.51;19.00;9.31
13.68;22.16;6.14
15.76;24.77;5.74
15.95;25.04;6.81
16.74;25.91;7.56
18.59;27.26;9.64
17.36;25.78;8.90
15.86;24.50;10.04
15.40;24.29;5.80
17.05;25.45;8.10
17.93;25.76;10.78
17.56;26.77;7.96
19.23;28.33;8.57
18.11;28.46;7.09
15.63;23.42;7.83
13.69;19.07;9.50
11.65;14.05;9.44
13.19;19.14;7.36
14.40;20.69;6.42
12.00;16.88;8.63
11.94;17.67;6.62
12.74;17.94;8.23
14.58;20.54;5.40
17.90;24.56;8.37
16.07;25.24;5.81
16.55;24.56;6.41
17.13;25.90;7.96
15.81;22.97;7.62
15.18;22.97;6.88
14.96;25.58;2.92
17.27;28.25;4.60
19.32;29.21;8.91
18.28;26.12;11.52
20.77;28.84;10.38
21.76;30.66;12.80
22.03;31.40;11.46
20.21;28.78;10.72
20.50;29.79;10.78
16.69;23.49;10.30
16.29;25.37;7.22
18.70;27.04;8.37
18.95;26.85;9.31
18.12;26.25;8.96
18.24;26.18;5.94
18.03;23.51;12.25
14.26;18.89;10.91
12.46;18.08;7.69
12.02;18.28;7.29
13.64;19.34;9.43
15.69;22.29;7.56
16.63;22.43;9.43
15.44;22.49;5.54
17.65;22.69;12.39
15.71;20.69;12.05
16.62;23.24;6.28
18.29;23.37;12.53
15.69;22.04;8.09
17.92;25.06;10.44
18.31;27.11;6.55
20.86;29.46;7.88
22.24;28.39;14.95
20.50;28.13;10.65
21.89;30.81;11.46
21.02;27.51;14.42
21.26;30.06;10.25
22.61;29.19;16.23
21.76;29.20;11.52
21.02;30.93;14.94
23.58;32.40;15.08
23.91;33.67;15.41
24.07;32.27;15.08
21.15;28.06;11.99
19.19;25.04;11.99
20.31;27.91;10.51
22.85;30.86;13.80
23.30;31.46;15.02
23.96;30.79;15.62
22.51;28.32;15.49
21.16;28.99;11.19
22.28;30.59;11.93
17.99;21.37;16.15
20.63;27.17;15.08
21.14;28.54;14.73
22.67;31.06;11.66
22.93;29.94;13.21
21.06;28.25;12.59
21.50;30.20;9.85
22.19;27.38;14.68
20.10;27.38;10.65
17.29;22.45;10.79
19.72;28.60;10.38
23.04;31.53;12.66
21.62;26.05;16.50
20.92;27.18;13.68
21.37;29.91;10.45
21.50;27.91;15.55
20.63;28.46;11.32
21.89;30.19;12.19
22.51;31.33;11.58
24.07;33.68;13.00
25.41;35.20;14.89
26.18;35.94;16.69
26.76;37.61;15.82
26.66;37.41;16.29
27.51;35.93;17.56
20.72;23.92;17.08
20.27;26.43;13.00
21.31;30.79;10.92
24.64;34.00;15.00
26.32;36.41;14.34
26.71;35.47;15.49
24.94;34.27;15.56
24.97;35.47;13.41
26.80;36.08;16.95
26.68;34.74;15.89
22.96;29.05;16.88
22.68;32.21;13.87
26.26;35.67;14.95
24.56;28.59;19.92
23.29;28.18;17.91
22.81;29.64;15.69
23.69;32.34;14.22
24.54;33.34;14.54
25.48;35.01;14.27
25.93;35.01;15.08
26.38;34.20;16.02
24.70;32.87;14.01
25.69;32.87;17.35
24.76;33.46;13.95
25.64;34.34;14.82
24.17;29.04;18.09
21.41;29.71;13.94
22.51;31.53;12.13
22.05;29.91;16.01
22.91;32.79;13.13
24.71;33.27;16.02
24.48;32.87;14.94
22.42;31.60;11.66
23.08;30.66;13.07
22.48;29.04;14.95
20.68;30.79;11.19
22.53;32.87;13.41
24.44;34.41;10.98
25.33;34.27;13.07
24.90;34.88;15.41
25.30;35.01;13.68
25.01;33.46;15.81
25.17;32.92;18.03
25.54;33.53;17.76
25.60;35.47;16.76
26.97;37.14;15.28
25.46;34.20;14.95
24.20;31.40;18.17
23.37;32.61;13.27
22.67;30.07;14.21
21.93;30.19;13.40
21.70;30.18;13.80
21.54;30.72;13.20
24.04;30.93;15.28
22.55;28.59;17.22
21.72;30.18;11.92
22.30;30.79;13.47
20.54;28.79;11.52
19.11;26.03;13.33
20.38;28.48;11.52
19.25;26.72;14.21
18.61;25.37;13.59
17.09;23.51;12.39
17.85;25.78;11.66
20.01;27.78;12.32
18.09;24.70;13.33
17.85;23.96;11.99
16.09;21.66;12.59
15.26;23.96;8.03
16.12;25.51;8.50
18.33;23.78;11.25
18.04;21.84;15.00
17.23;24.83;11.59
16.92;26.43;8.63
18.71;26.90;11.72
18.84;26.90;12.39
18.22;27.17;11.51
17.67;27.24;9.64
17.43;25.78;10.25
17.00;24.77;7.89
17.58;22.90;12.39
18.01;25.51;10.85
17.58;21.23;15.61
16.33;20.35;13.94
16.75;21.38;13.72
15.16;18.82;12.73
13.70;16.47;11.38
11.93;15.74;8.56
13.30;16.41;7.29
17.53;22.09;12.39
16.39;23.30;11.79
16.43;27.26;8.43
17.82;28.32;11.32
16.90;27.26;9.64
17.18;28.45;8.71
16.06;25.85;7.56
14.26;26.05;3.45
16.45;28.00;7.49
16.70;27.51;9.78
15.78;27.17;8.43
14.15;25.04;6.62
12.99;22.74;5.80
14.49;24.77;7.89
14.35;25.85;7.02
13.85;24.43;7.15
12.16;22.61;4.99
12.63;20.69;5.33
11.94;15.73;7.35
10.15;12.84;7.28
8.42;14.45;1.23
9.00;16.06;0.82
13.09;18.41;9.16
10.92;14.99;8.76
8.00;13.25;0.22
5.90;12.43;-1.60
8.89;11.11;6.95
11.41;15.13;7.68
12.70;16.82;6.88
12.07;15.00;7.55
9.55;12.78;6.61
9.28;12.58;6.01
9.33;13.92;2.71
5.24;11.90;-0.18
8.60;16.53;2.84
11.37;21.30;4.05
9.74;16.75;3.86
12.71;19.63;6.88
15.18;17.95;12.32
12.74;19.00;7.28
11.20;16.66;5.26
10.41;13.18;5.74
9.31;13.20;4.59
9.50;11.59;8.29
8.72;10.50;6.81
10.79;15.87;7.41
11.70;15.54;6.54
9.68;15.13;3.58
6.92;11.84;3.52
7.39;11.23;4.25
6.38;12.23;-0.38
5.29;10.36;0.10
5.46;11.37;-0.65
2.88;11.56;-3.62
5.87;10.77;-1.19
4.09;12.43;-1.87
3.19;13.85;-3.15
2.99;11.57;-3.35
7.92;13.13;3.11
7.78;9.17;6.74
7.38;11.65;2.17
6.22;13.25;0.96
5.43;12.58;0.02
4.72;14.71;-1.26
3.47;12.24;-1.53
4.21;14.45;-2.74
4.81;13.65;-0.46
4.79;15.32;-0.58
2.71;12.44;-3.01
2.16;11.08;-2.94
3.63;12.23;-3.08
3.21;12.02;-2.88
3.29;7.90;-2.68
7.61;12.19;1.43
3.26;9.69;-4.42
-0.10;10.82;-7.25
-0.58;10.49;-6.99
-0.06;11.82;-7.33
1.01;12.59;-6.04
1.79;12.92;-5.16
3.11;15.33;-3.82
2.68;13.91;-3.89
0.79;11.02;-5.64
1.27;11.96;-4.36
2.41;13.30;-4.23
2.91;14.31;-4.57
2.21;13.71;-4.90
3.84;16.05;-3.49
4.18;13.71;-1.73
4.09;13.24;-3.83
3.10;7.27;-2.88
7.58;12.52;3.98
6.24;9.23;1.23
2.30;9.01;-4.02
1.52;4.05;-2.13
2.65;6.67;-1.80
1.75;7.06;-2.34
1.54;6.08;-3.01
2.40;8.55;-3.48
3.74;9.08;-1.86
3.60;11.55;-5.57
6.98;13.71;-0.25
4.36;13.59;-4.02
5.88;13.98;-2.34
5.71;13.50;-2.07
6.51;12.98;-2.74
12.27;15.73;9.91
7.68;12.27;1.23
5.30;8.94;1.77
4.86;5.93;2.44
6.37;10.36;2.44
2.44;4.65;0.69
2.81;5.53;0.89
2.14;6.20;-1.33
0.81;4.32;-2.27
1.53;10.08;-4.70
3.82;11.36;-2.20
4.20;9.56;-1.26
4.83;9.42;0.76
5.65;12.17;0.56
5.76;13.58;-2.81
9.32;13.07;7.42
10.44;15.33;7.29
8.64;13.91;2.04
7.78;12.37;4.99
6.59;11.83;2.17
4.67;12.84;-1.73
4.66;11.36;-2.80
8.12;13.39;3.59
7.14;14.91;-1.32
9.50;13.99;3.99
7.69;12.64;3.66
8.31;15.41;-0.66
9.44;14.65;1.70
7.42;15.06;0.02
7.84;16.95;-1.26
12.19;19.48;4.40
11.91;17.15;7.89
10.77;17.73;5.53
8.12;15.87;0.42
5.94;14.99;-3.48
7.63;18.40;-2.87
8.62;22.90;-2.47
10.42;23.24;-0.99
10.29;22.43;-0.11
10.76;22.49;-0.99
10.49;22.29;-1.12
10.76;21.48;0.30
9.87;18.87;0.83
7.46;14.52;1.10
4.92;9.55;-2.80
4.40;12.76;-3.75
8.12;14.72;-0.11
6.85;9.10;3.51
9.46;12.86;6.34
10.11;13.20;8.37
9.55;12.52;7.29
9.71;13.05;7.95
7.66;9.03;6.34
9.40;13.45;6.54
5.96;9.69;2.71
9.49;15.28;1.36
13.54;19.70;4.73
13.67;23.89;2.85
13.10;22.83;2.71
15.30;25.98;5.88
15.96;26.92;5.27
14.44;22.55;6.89
13.27;24.56;2.18
14.63;23.76;4.86
13.90;22.29;6.82
13.54;23.75;3.26
13.20;20.54;4.60
11.84;18.26;4.46
11.14;17.99;3.72
8.12;11.19;6.06
11.35;17.00;7.69
12.94;21.80;5.94
14.87;21.15;8.96
16.32;22.90;9.98
15.85;24.18;5.20
14.18;19.34;11.05
13.48;17.28;10.37
14.15;19.81;7.89
12.48;18.94;6.14
10.76;18.34;0.83
12.60;21.82;3.12
15.74;22.29;7.15
14.73;21.56;6.95
14.47;23.48;4.60
15.24;22.09;6.01
14.53;18.87;10.79
11.75;16.27;9.57
12.16;17.34;7.08
12.60;19.41;3.66
15.34;20.49;9.04
15.24;22.97;6.01
17.89;23.48;11.59
19.63;26.45;12.93
18.73;21.84;15.62
19.53;25.98;14.13
15.36;20.35;9.98
13.84;22.16;4.20
17.07;28.52;4.20
18.33;24.23;12.66
18.06;27.67;8.23
20.87;30.93;10.85
21.43;32.21;10.58
21.72;32.26;9.51
23.87;34.82;12.46
23.26;30.87;14.07
16.86;22.97;10.77
18.34;28.32;7.29
20.32;30.05;9.63
21.32;30.72;8.50
16.47;22.90;9.77
13.88;21.82;3.38
14.70;22.02;5.46
14.71;22.43;5.94
16.15;23.08;7.89
17.59;23.82;10.58
19.36;26.37;11.51
19.88;28.32;10.32
19.96;28.98;12.86
21.38;30.75;10.45
20.61;29.26;11.39
20.42;28.93;9.71
21.00;30.13;9.98
22.52;30.67;10.92
23.71;31.93;12.67
25.11;32.99;13.88
23.96;31.60;12.06
22.95;31.73;12.86
24.26;33.28;12.47
25.30;33.27;14.87
24.37;32.81;11.60
22.38;31.73;14.22
19.76;26.72;15.62
18.50;23.44;13.68
18.08;23.44;12.80
18.00;22.97;12.06
16.81;22.43;10.99
15.16;20.89;11.85
17.78;25.17;9.43
19.43;25.91;11.39
21.29;30.18;13.68
24.10;32.67;12.60
23.61;32.92;12.26
25.12;35.34;13.68
27.16;33.62;18.25
22.73;31.66;14.28
22.67;31.06;13.41
24.11;33.06;15.21
24.78;35.42;13.34
26.55;37.41;14.61
27.76;39.30;15.76
29.34;40.03;17.03
30.28;39.36;17.36
28.23;37.09;16.16
27.27;33.80;21.39
29.26;36.60;17.96
28.42;37.48;18.50
28.83;37.62;18.57
29.24;40.16;17.03
29.79;38.69;18.30
28.29;38.29;16.02
28.32;38.76;17.56
27.64;36.75;14.55
26.32;36.47;14.82
27.07;37.28;16.09
28.08;38.29;17.16
28.25;39.22;17.90
27.83;38.95;16.43
28.73;38.82;17.16
28.70;36.95;19.30
27.41;33.53;19.23
26.48;34.33;17.36
27.59;37.35;17.23
29.12;36.94;17.49
28.06;34.74;21.30
27.19;36.81;19.03
26.06;34.54;14.68
25.28;33.73;16.96
27.00;36.54;16.70
27.42;37.88;17.23
27.55;37.61;15.69
26.97;36.81;16.02
26.18;34.47;18.44
24.55;31.87;17.83
23.17;31.13;15.95
26.07;35.40;18.10
28.25;37.48;16.96
27.78;35.40;18.84
26.07;36.94;14.68
26.16;37.75;12.32
27.36;36.28;14.55
26.95;32.66;19.23
23.36;33.26;13.66
26.08;36.27;14.74
26.36;34.34;17.15
25.75;33.66;15.29
22.13;27.51;14.87
20.21;27.26;11.79
21.47;27.64;15.89
22.74;30.86;12.33
24.20;31.46;15.62
24.57;32.05;16.68
23.90;32.93;17.08
24.94;34.79;16.69
25.51;34.14;17.63
25.06;31.87;17.02
21.73;25.78;17.76
19.48;25.23;11.79
19.13;30.39;8.43
22.65;32.86;13.20
23.00;32.27;13.47
23.62;34.26;11.52
28.10;35.86;17.02
25.04;35.73;17.29
20.95;28.60;15.54
21.52;30.25;13.46
23.87;30.39;15.95
21.19;27.31;14.40
20.19;26.84;14.87
18.88;27.30;11.12
20.20;27.57;12.86
19.90;26.45;13.00
18.78;29.04;10.24
19.97;28.98;8.16
22.18;28.97;13.94
20.73;30.86;9.71
21.73;28.38;14.81
20.72;25.04;17.36
18.73;24.36;12.93
16.53;22.38;13.19
18.21;23.10;15.27
13.98;20.40;7.42
14.32;24.56;5.94
16.06;26.65;8.03
17.34;29.04;6.68
18.96;29.58;7.69
17.88;29.24;6.41
16.66;25.10;7.02
17.37;29.17;7.56
19.57;30.12;8.49
18.80;29.71;7.70
19.55;28.57;9.57
17.19;25.76;7.56
16.29;24.14;7.02
17.07;23.82;9.71
16.70;25.96;6.75
17.42;25.58;5.47
17.11;25.24;10.24
18.75;22.56;14.67
20.13;23.57;16.13
17.29;21.10;14.41
14.32;21.53;8.63
13.69;22.41;7.35
13.27;22.68;6.68
14.25;22.94;6.01
16.55;21.70;13.45
16.11;22.29;10.85
11.81;15.60;6.08
9.53;18.99;2.78
9.47;20.54;1.23
10.88;22.34;1.37
14.72;23.21;6.08
15.18;19.68;10.64
15.75;20.56;12.32
14.02;21.30;6.48
9.74;18.60;2.24
10.02;20.67;1.50
11.85;20.08;4.86
13.62;21.29;7.76
14.92;21.35;6.81
14.12;18.42;10.37
13.83;16.62;9.90
12.35;16.59;8.90
13.13;16.88;8.22
13.75;22.14;4.93
15.58;21.55;10.24
15.82;19.89;12.13
12.46;16.63;9.91
11.98;15.14;9.56
12.60;16.48;9.16
13.84;18.01;11.25
13.35;21.68;7.69
13.69;22.81;7.35
13.38;22.74;7.42
11.75;22.20;4.38
10.45;22.27;3.52
9.79;22.74;1.64
9.84;21.75;2.38
10.21;21.41;1.50
9.78;17.92;3.25
8.47;18.86;0.69
7.68;17.79;-0.12
7.12;17.12;-0.12
8.60;19.73;0.08
9.76;21.21;1.90
11.27;19.75;1.90
10.63;15.56;3.05
4.97;9.97;-0.99
4.13;10.69;-2.74
4.20;12.31;-2.68
8.87;17.07;2.24
9.09;16.55;-0.79
12.46;17.47;4.46
6.83;16.30;-0.86
3.31;14.09;-4.02
3.27;16.85;-5.37
3.33;16.53;-5.77
3.99;14.63;-3.49
4.95;16.80;-3.36
6.79;17.66;-1.12
7.55;18.80;-0.19
5.89;17.00;-2.55
6.47;11.85;-0.32
8.34;13.85;3.30
7.52;15.65;2.51
7.39;14.45;0.89
8.96;14.20;3.65
9.81;12.57;6.61
6.34;13.30;0.08
9.09;15.54;5.47
9.26;16.53;2.30
6.47;15.94;0.15
6.31;16.00;-0.25
7.31;16.59;1.16
6.28;16.66;-1.67
6.60;16.80;-1.60
6.28;14.77;-0.32
5.45;16.05;-1.12
4.72;15.65;-3.42
2.88;10.95;-3.02
3.15;13.71;-3.42
2.79;12.36;-3.22
6.32;15.61;-1.26
8.44;15.47;0.22
8.18;10.82;4.32
8.37;10.85;6.34
9.38;12.59;7.69
